id,url,title,text,embeddings,x,y
24008088,https://en.wikipedia.org/wiki/Swindon%20Borough%20Council%20elections,Swindon Borough Council elections,"Swindon Borough Council is the local authority for the unitary authority of Swindon in Wiltshire, England. Until 1 April 1997 its area was a non-metropolitan district called Thamesdown Borough Council, with Wiltshire County Council providing the county-level services.

District council
1973 Thamesdown Borough Council election
1976 Thamesdown Borough Council election (New ward boundaries)
1978 Thamesdown Borough Council election
1979 Thamesdown Borough Council election
1980 Thamesdown Borough Council election
1982 Thamesdown Borough Council election (Some new ward boundaries & borough boundary changes)
1983 Thamesdown Borough Council election
1984 Thamesdown Borough Council election
1986 Thamesdown Borough Council election (New ward boundaries)
1987 Thamesdown Borough Council election
1988 Thamesdown Borough Council election
1990 Thamesdown Borough Council election
1991 Thamesdown Borough Council election
1992 Thamesdown Borough Council election
1994 Thamesdown Borough Council election
1995 Thamesdown Borough Council election
1996 Thamesdown Borough Council election

Unitary authority
1998 Swindon Borough Council election
1999 Swindon Borough Council election
2000 Swindon Borough Council election (New ward boundaries increased the number of seats by 5)
2002 Swindon Borough Council election
2003 Swindon Borough Council election
2004 Swindon Borough Council election
2006 Swindon Borough Council election
2007 Swindon Borough Council election
2008 Swindon Borough Council election
2010 Swindon Borough Council election
2011 Swindon Borough Council election
2012 Swindon Borough Council election (New ward boundaries)
2014 Swindon Borough Council election
2015 Swindon Borough Council election (New ward boundaries)
2016 Swindon Borough Council election
2018 Swindon Borough Council election
2019 Swindon Borough Council election
2021 Swindon Borough Council election
2022 Swindon Borough Council election
2023 Swindon Borough Council election

Results maps

By-election results

1997–2001

2001–2005

2009–2013

References

External links
Swindon Borough Council
By-election results

 
Council elections in Wiltshire
Politics of the Borough of Swindon
Unitary authority elections in England","[ 1.83508098e-02 -1.17838137e-01  6.38709441e-02 -2.31865924e-02
 -6.80918023e-02  9.38858557e-03 -1.29398201e-02 -3.55603471e-02
 -9.58121568e-02 -6.63897693e-02  3.81310694e-02 -5.83240390e-02
  1.54018607e-02  2.96623129e-02 -3.77489068e-02  9.23060626e-02
  4.78082895e-02  7.09397197e-02 -7.25222081e-02  8.49849719e-04
  4.54045273e-02  4.58058715e-03 -1.13015175e-02  3.43974680e-03
 -3.21733057e-02 -1.58022977e-02 -3.67074423e-02 -2.26038564e-02
 -1.56453159e-02 -1.48860058e-02 -1.55813841e-03  2.45998967e-02
  1.83917303e-02 -2.37435978e-02 -6.97000278e-03  3.79904062e-02
  5.41408099e-02  8.35351646e-03  6.10466935e-02  2.89862528e-02
 -6.63822368e-02 -1.63139105e-02 -7.42774010e-02  2.70668939e-02
 -4.40390455e-03  5.71094975e-02  8.94462913e-02 -1.26915768e-01
 -4.92310822e-02 -4.08981293e-02  3.93291973e-02  3.19061577e-02
  4.91340198e-02 -9.31886199e-04 -8.39776695e-02 -3.23166102e-02
  9.80378874e-03  8.79815444e-02 -8.15600082e-02 -1.44744180e-02
 -6.57567531e-02  9.39001609e-03 -6.27920637e-03 -3.76184583e-02
 -9.01291221e-02 -9.53012332e-03 -3.39041627e-03  2.65923818e-03
  5.63809462e-02 -9.38138068e-02 -2.52324883e-02  3.10839005e-02
  4.06417996e-02 -5.33415228e-02 -3.62862051e-02 -4.83724549e-02
  1.78289916e-02  2.69396938e-02 -2.93071847e-02 -3.18101607e-02
 -2.29119938e-02  5.71607724e-02  1.89244710e-02  4.40462902e-02
  5.17288875e-03 -1.78052410e-02 -5.00033377e-03  7.48814493e-02
 -1.86914094e-02  4.39537242e-02 -9.63103678e-03  1.24344900e-01
  1.57010667e-02  4.21461649e-02  2.70954333e-02 -7.93391392e-02
  2.31583156e-02 -2.06788909e-03  2.94338167e-02  2.78653465e-02
 -8.44024643e-02 -3.04318797e-02 -6.13345020e-02 -2.36976482e-02
  5.97634912e-03 -3.71614918e-02 -6.33436395e-03  3.86527479e-02
  2.82064918e-02 -7.78010488e-03  6.63625151e-02 -3.47730555e-02
 -4.16104570e-02  4.28207293e-02 -5.45035191e-02 -7.54492730e-02
 -1.10454280e-02 -1.17276683e-02 -1.87326875e-02  1.10536411e-01
 -3.96487229e-02  2.81301867e-02 -9.70444828e-02 -3.24798096e-03
  3.14575210e-02  6.55019879e-02 -4.09249477e-02  1.84764584e-32
 -5.08767888e-02  7.20074326e-02 -8.48651771e-03  1.06968276e-01
 -4.10029180e-02 -9.28414799e-03  4.08708267e-02 -5.11667039e-03
 -3.03758811e-02  1.54773686e-02  6.30756244e-02  1.99938379e-02
 -1.35749974e-03 -7.70773590e-02  6.47464246e-02  4.49204706e-02
  3.05363033e-02  1.45467734e-02  1.58865470e-02 -1.62929483e-02
 -1.62733812e-02  1.54921785e-02 -9.49785113e-03 -6.67145997e-02
 -1.20864607e-01 -7.11496249e-02 -6.23854659e-02  1.15566682e-02
  1.34489741e-02  1.92132443e-02  1.09923389e-02 -4.14667763e-02
  2.89657135e-02  2.20503770e-02 -4.07740511e-02  8.37001204e-02
 -1.80455223e-02 -4.25444767e-02  5.51628647e-03  6.45215530e-03
 -4.40717600e-02 -4.87492271e-02  2.08738856e-02 -1.03869732e-03
  3.44261043e-02 -1.38051528e-02 -6.36534244e-02 -2.09160354e-02
  4.76289168e-03 -3.11817322e-02  4.89905737e-02 -3.30464989e-02
 -7.49757215e-02  8.84585604e-02  9.80454218e-03 -3.66655365e-02
 -8.71748105e-02  5.90264201e-02 -2.67883576e-02  5.19335009e-02
 -9.40855686e-03 -5.95880747e-02 -7.30946586e-02 -6.29149824e-02
  2.38974281e-02 -1.33893788e-01  3.27071324e-02 -3.70975658e-02
 -1.12220068e-02 -3.83328162e-02 -5.79351410e-02  3.64775173e-02
 -2.87251063e-02  8.03316012e-02 -3.08767911e-02 -3.56342383e-02
 -5.15801348e-02 -1.07985303e-01  3.80257927e-02  1.96876675e-02
 -1.82546501e-03  1.56032080e-02 -6.84909150e-02 -7.04746023e-02
  1.40057936e-01  8.84773955e-03  1.22629233e-01  3.20049636e-02
 -3.42171900e-02 -2.02084947e-02 -3.44421864e-02 -8.78691077e-02
  1.78955458e-02 -7.57432217e-03  3.50381099e-02 -1.82879356e-32
 -6.46447167e-02  6.02725856e-02 -5.66149689e-02 -3.44320536e-02
 -4.90517020e-02  5.86818978e-02  5.64435730e-03 -7.73766935e-02
 -1.51782092e-02  2.77663693e-02 -4.18248735e-02 -2.81040017e-02
 -3.54780769e-03  5.83861843e-02 -1.14042722e-01  5.21908607e-03
  1.43203503e-02 -1.41926631e-01  6.27342016e-02  2.86335852e-02
 -6.10574447e-02  1.88242877e-03 -5.34320287e-02  6.95903525e-02
 -4.87322882e-02  3.90766785e-02 -6.65906817e-02  1.99483596e-02
  1.22828774e-01  8.50888621e-03 -4.46843095e-02 -9.59448963e-02
  3.13159414e-02  6.32368177e-02  6.05241284e-02 -1.02006625e-02
  2.38699876e-02 -6.18356280e-02  1.22601297e-02  1.52781047e-02
 -3.94629426e-02 -3.02052069e-02  2.94252299e-02 -7.13246409e-03
 -2.62819380e-02  2.49564927e-02 -1.15559086e-01  2.06958577e-02
 -8.76071677e-03  3.28720286e-02  9.91100678e-04  1.04424886e-01
 -8.82777497e-02  4.71891761e-02  3.66085842e-02  2.07504490e-03
 -2.98470003e-03  5.63567039e-03  5.58399670e-02 -8.16467479e-02
  2.12524384e-02  3.73581164e-02 -4.05888781e-02  1.66705340e-01
 -4.10681367e-02  7.74000946e-04 -8.98624491e-03 -7.21703023e-02
 -2.88248546e-02  1.87147073e-02 -1.25941083e-01  1.98883470e-02
 -2.13331189e-02 -9.39012691e-02 -2.10419968e-02 -4.84030768e-02
  1.37491468e-02  1.55547445e-04 -5.01320660e-02 -2.00628247e-02
  6.83449432e-02  5.26840985e-02  9.29016322e-02 -4.69674096e-02
  1.07693411e-02 -9.38477460e-03  7.96553493e-02  1.45040631e-01
  3.74460891e-02 -4.78269197e-02  7.20371306e-02 -1.19884163e-02
  2.13396978e-02 -1.33504672e-02  1.01129077e-01 -6.79042387e-08
  8.06575045e-02 -2.75107007e-02 -2.75610685e-02  3.22038233e-02
  5.21979555e-02  5.09482250e-03 -2.87329056e-03  7.40402266e-02
 -9.91887040e-03  2.31089611e-02  5.83184175e-02  5.02801202e-02
 -4.99434061e-02 -1.42151872e-02  4.38430719e-02  1.57698747e-02
 -4.62475382e-02 -3.12760659e-02  6.98717535e-02 -1.46505758e-02
 -8.84126797e-02  4.80261073e-03 -3.43795009e-02  3.30817252e-02
 -1.76636502e-02 -2.19482165e-02 -8.10490623e-02 -1.74337681e-02
 -3.66191827e-02 -6.79283366e-02  7.78207630e-02 -3.28958640e-03
  3.12556699e-02  2.03668606e-02  1.62305161e-02 -1.32628521e-02
  1.19260477e-03  3.11840996e-02 -1.73392668e-02 -3.90146449e-02
  4.05691192e-02 -5.11337221e-02 -2.13874876e-02  1.75403003e-02
  1.10485069e-01 -7.98520166e-03  4.60681207e-02 -2.22420264e-02
  9.11747962e-02 -4.21415567e-02  2.30296701e-02 -2.28038300e-02
  6.52063414e-02  1.41830174e-02 -4.34550568e-02  5.90297431e-02
 -7.88490400e-02  2.49969065e-02 -6.51067272e-02 -1.43525088e-02
 -3.39059830e-02  6.15213700e-02 -1.03744492e-02 -3.45056951e-02]",-0.31331387162208557,-0.5834015607833862
5063394,https://en.wikipedia.org/wiki/Mayo%20East,Mayo East,"Mayo East or East Mayo may refer to one of two parliamentary constituencies in County Mayo, Ireland:

Mayo East (Dáil constituency) (1969–1997)
East Mayo (UK Parliament constituency) (1885–1922)

See also
County Mayo","[ 6.18346296e-02 -2.74767205e-02  1.24893658e-01 -6.11340404e-02
 -1.59728210e-02 -1.03907604e-02 -4.16287258e-02  1.35904446e-03
  6.73542321e-02 -6.42134547e-02  1.00188375e-01 -7.21948445e-02
  2.60454006e-02 -1.83130670e-02  3.53831686e-02  2.02191565e-02
  1.65254790e-02 -3.25362459e-02 -2.79793842e-03  1.11639686e-02
  1.66771132e-02  8.01491644e-03 -1.98093224e-02  2.30959672e-02
 -3.10935527e-02  1.88865066e-02 -2.20749620e-02  3.53648588e-02
 -4.61842446e-03 -8.43354315e-03  6.12770356e-02 -6.99021667e-02
 -1.21665575e-01  5.14626503e-02  1.67852342e-02 -8.27440470e-02
  3.93187217e-02 -2.56188419e-02  9.61125344e-02  2.62907147e-02
 -8.71474966e-02 -3.97003256e-02 -4.96117733e-02 -8.07276592e-02
  9.14742127e-02  4.93288301e-02 -7.62067130e-03 -6.32622167e-02
 -3.98562224e-06 -3.77712809e-02  8.04006010e-02 -9.52963606e-02
 -4.04206663e-02  6.18892945e-02  1.36032298e-01  9.65018049e-02
 -5.11361063e-02  2.51366254e-02 -6.97242841e-02  2.15647314e-02
 -3.93246785e-02  3.27914618e-02  7.88933598e-03 -2.04500183e-02
 -9.35485289e-02  6.25275150e-02  7.39520192e-02 -5.63669838e-02
 -2.64478866e-02 -7.74963498e-02 -5.79465665e-02 -6.42695203e-02
 -2.41607148e-02  3.58915776e-02 -8.38653650e-03 -1.51460608e-02
 -1.93475652e-02  8.25451538e-02 -7.08803814e-03 -5.05374447e-02
  7.27555202e-03 -4.16078698e-03  5.59121976e-03 -2.81001609e-02
  6.45082667e-02 -2.69623585e-02 -1.69239305e-02  7.59644248e-03
  5.41951247e-02 -1.34907514e-02 -4.90982551e-03 -5.36700413e-02
  5.15594482e-02  3.75344306e-02  1.30977884e-01 -3.69549803e-02
 -4.79824692e-02  4.66272868e-02  2.38122363e-02  2.72820033e-02
 -8.98140967e-02  3.00360005e-02 -8.21892843e-02 -6.37696087e-02
 -5.48438448e-03  2.00861692e-02  2.64991540e-03  1.63639046e-03
  5.95640950e-02 -5.91578931e-02 -3.61711569e-02 -1.11278340e-01
  3.16582732e-02 -5.76633029e-03  7.83026218e-03 -1.71478987e-02
 -5.22013567e-02 -1.29616326e-02 -7.34100770e-03  3.73690203e-02
 -3.54648530e-02 -1.14845093e-02 -4.61537540e-02  5.31734824e-02
  4.07456122e-02  4.71866615e-02 -4.49142084e-02 -2.52222370e-33
  2.21131719e-03 -1.25783710e-02  7.97309577e-02  2.07327269e-02
  9.29067731e-02 -1.09862443e-02  1.59883592e-02  6.72385888e-03
 -1.40169943e-02 -6.92532286e-02  6.00892529e-02 -2.71634739e-02
 -3.95911261e-02 -3.32328565e-02  3.75756249e-02  3.53536531e-02
 -2.58428287e-02  5.29627278e-02 -7.69430250e-02  1.67482924e-02
 -2.65862159e-02 -2.98026260e-02  1.74367018e-02 -5.95117733e-02
  4.38176170e-02 -3.23425904e-02 -3.92924845e-02  1.93890296e-02
  1.12504452e-01  5.28002568e-02  4.09179321e-03 -7.41698071e-02
 -3.95127051e-02 -6.03906065e-02 -3.22178900e-02  2.22688261e-02
  6.22395519e-03 -1.28346784e-02 -5.26820943e-02  1.08139351e-01
  3.24980728e-02 -1.02380794e-02 -4.85120118e-02  6.68040738e-02
 -4.72674444e-02 -1.77304987e-02 -8.76972359e-03  4.34239805e-02
  4.88229804e-02 -1.08377397e-01  1.10119088e-02 -4.75860238e-02
 -2.48013362e-02  8.64073168e-03  2.87204608e-02  4.11632285e-02
 -3.41251343e-02  5.52827166e-03 -9.21925995e-03 -3.65004577e-02
  2.15704981e-02  4.01929170e-02 -3.10483370e-02 -2.41056718e-02
 -2.99488450e-03  5.20127360e-03 -5.77023532e-03 -3.05342092e-03
  4.06937823e-02 -6.52101682e-03  5.53797074e-02 -6.67054430e-02
  3.78093459e-02  5.22441976e-02 -1.38826873e-02 -3.01855821e-02
 -1.34734333e-01  1.00228293e-02 -1.83460843e-02  4.79163714e-02
 -6.38082400e-02  1.19124865e-02 -4.77308519e-02 -4.65821102e-02
  9.28784087e-02  3.64406710e-03  2.77046841e-02  7.32322037e-03
  2.07974222e-02 -2.65433826e-02 -2.15929504e-02  1.74027570e-02
  2.36282367e-02  2.26927362e-02 -7.43337348e-02 -1.18904945e-33
 -2.23692693e-02 -2.05875691e-02 -1.49132326e-01  1.42679794e-03
 -4.80905845e-04  1.05280608e-01  1.12894759e-01 -1.85765065e-02
  1.62811428e-02  4.49201204e-02 -1.62207223e-02 -3.14592831e-02
  1.50828194e-02 -2.72767358e-02  9.80401132e-03 -2.57484093e-02
 -8.26451406e-02  3.36389653e-02  8.23081732e-02  8.77628699e-02
  5.05923405e-02 -9.12433490e-02  5.15685938e-02  5.59776537e-02
  4.08122726e-02  2.54324749e-02 -4.21870314e-02  2.38738488e-02
 -1.40915327e-02 -1.94983203e-02 -1.42167702e-01 -3.56115736e-02
  3.26979682e-02 -9.76025611e-02 -7.66030774e-02  2.87188180e-02
 -4.80468385e-02 -1.03066631e-01  3.64767909e-02  8.90239626e-02
 -9.63331461e-02  6.94655953e-03  6.04780652e-02  5.17611541e-02
 -4.45594825e-02  5.76437376e-02  3.24664474e-03  2.33871173e-02
 -8.04769062e-03 -4.51336205e-02  1.30706728e-02  6.64942414e-02
 -5.60378097e-03  2.52273902e-02 -2.75187776e-03  4.86384742e-02
 -1.17025055e-01  2.84945797e-02 -1.59991300e-03  1.55175142e-02
 -4.99465363e-03  4.36312100e-03 -4.23480570e-03  6.30839467e-02
  7.70132104e-03 -1.67490821e-02 -3.86335030e-02 -1.03930585e-01
  3.50633711e-02 -9.64648724e-02 -6.07082956e-02 -9.48827416e-02
 -1.07937574e-03  2.45689768e-02  2.30473913e-02  2.27951054e-02
 -4.32755947e-02  2.92247403e-02 -1.65934674e-02  2.39186157e-02
 -1.19559005e-01 -9.04347654e-03 -5.09814471e-02  1.33368075e-02
 -8.30662474e-02 -1.01934366e-01  5.39884828e-02  6.73580989e-02
 -6.38972446e-02 -5.53624369e-02  3.01440600e-02  7.71841547e-03
  1.36984382e-02  7.14295581e-02  9.80902463e-02 -2.86903479e-08
  8.53116438e-02  7.08964467e-03  3.39059606e-02  7.75723979e-02
  1.27786566e-02 -1.00182392e-01  3.38416360e-02  1.17520858e-02
  7.50833424e-03 -2.08083056e-02 -3.74541618e-03  3.08843013e-02
 -2.07673125e-02  6.15176465e-03 -4.31147255e-02 -1.92691032e-02
 -9.30931494e-02  6.58806041e-02  3.81645486e-02 -1.77394785e-02
  1.72348022e-02 -1.98171716e-02  5.54387942e-02  3.15319956e-03
  3.15099545e-02 -2.86636292e-03  2.32077539e-02  1.31729702e-02
 -1.22302406e-01 -4.43320200e-02 -5.44544794e-02 -6.39143120e-03
 -2.74996161e-02 -4.90155667e-02 -2.65432354e-02  2.89434213e-02
 -5.84481359e-02  8.98339320e-03  1.28419846e-02  6.34777127e-03
  1.08404336e-02 -9.70896333e-02  2.12003831e-02 -1.26637975e-02
  1.24478437e-01  3.06444149e-02  1.09043114e-01  5.91032766e-02
 -2.73709688e-02 -9.04020015e-03  5.90628870e-02  1.67622697e-02
  6.20343983e-02 -2.14782320e-02 -1.82485580e-02  7.12116510e-02
  2.16382369e-02 -3.27883773e-02  3.94571945e-02  5.86551195e-03
  5.66919893e-02  5.64566776e-02  2.91120894e-02 -3.62608396e-02]",-0.30915117263793945,-0.556435763835907
47274592,https://en.wikipedia.org/wiki/1991%20Kilkenny%20County%20Council%20election,1991 Kilkenny County Council election,"An election to Kilkenny County Council took place on 27 June 1991 as part of that year's Irish local elections. 26 councillors were elected from five local electoral areas (LEAs) for a five-year term of office on the electoral system of proportional representation by means of the single transferable vote (PR-STV). This term was extended twice, first to 1998, then to 1999.

Results by party

Results by local electoral area

Ballyragget

Kilkenny

Piltown

Thomastown

Tullaroan

References

External links
 Official website
 irishelectionliterature

1991 Irish local elections
1991","[-1.22048035e-02 -2.61453446e-02 -3.40043083e-02 -4.21333835e-02
  1.84548851e-02  4.19511348e-02 -1.89926531e-02 -5.32768993e-03
 -4.64595445e-02 -3.82076688e-02  1.11459889e-01 -1.01170637e-01
 -4.07190435e-02 -2.02395562e-02 -3.75093967e-02 -5.63991582e-03
 -6.68928549e-02 -1.08946916e-02  6.63173720e-02  2.64561013e-03
 -5.65245673e-02  3.99079435e-02 -4.40215878e-02  2.53438856e-02
  2.05275454e-02 -5.00361063e-02 -5.74569870e-03  1.82747319e-02
 -5.37367389e-02 -3.87016647e-02  3.11900321e-02 -6.13603480e-02
 -6.65768236e-02  2.28122994e-02 -2.93307286e-03 -7.82522932e-03
 -1.00005180e-01 -5.94851049e-03  2.01554261e-02  1.05109932e-02
  1.09376102e-04 -1.58663224e-02 -5.13764918e-02 -5.95531613e-03
 -6.51480909e-03  4.95661162e-02 -1.63233113e-02 -9.53791849e-03
 -5.79790585e-02 -2.24409532e-02  4.59926128e-02 -1.67280827e-02
 -1.63794681e-02  2.81777494e-02  5.70519604e-02 -7.16402531e-02
 -5.29709570e-02  6.43094182e-02 -1.03389919e-01 -1.92592889e-02
 -1.62060298e-02  1.35196924e-01 -1.38636678e-01 -9.12433304e-03
 -5.74337058e-02  5.94925694e-02 -2.94899866e-02 -1.03901975e-01
 -2.03808863e-02 -3.62401195e-02  3.18749137e-02 -5.03205061e-02
 -2.89948247e-02 -2.42006760e-02  5.15874140e-02 -1.59815382e-02
 -4.74245995e-02  8.68801102e-02  4.03540097e-02  2.71869786e-02
 -4.23227884e-02  3.70413065e-02 -7.60509074e-02  5.32742217e-02
  7.23130032e-02 -2.25298740e-02 -8.14818665e-02  2.99793649e-02
 -5.23112267e-02 -2.27265339e-02  5.39037846e-02  1.40103266e-01
  3.42545807e-02  3.84766757e-02  4.51105013e-02 -3.12580913e-02
 -5.38766533e-02  5.69475330e-02  6.60851672e-02  4.37578335e-02
 -1.24450311e-01  2.37312764e-02 -6.98463842e-02 -2.62103509e-02
 -2.41678134e-02 -2.82805990e-02 -2.92115100e-03 -8.14538449e-02
  2.56756712e-02 -1.25468401e-02  4.62103896e-02 -1.03297457e-01
 -1.50610153e-02 -5.43503724e-02 -1.18214218e-02  2.34500952e-02
 -1.33561760e-01  2.21613273e-02 -9.97952092e-03 -9.28188581e-03
 -4.27205041e-02  7.49127120e-02  6.95117004e-03  1.34866005e-02
  3.70852984e-02 -3.69960442e-03  1.22671677e-02  2.35651536e-33
 -4.30168584e-02 -6.72785342e-02 -3.22032906e-02  7.40135387e-02
 -9.66520142e-03 -9.23248474e-03  4.54345456e-04 -9.99922603e-02
  2.60862224e-02 -4.88871858e-02  3.86298969e-02  8.53231270e-03
 -1.15673635e-02 -7.47619569e-02  6.91318288e-02 -3.28457430e-02
  4.12989175e-03  4.80321944e-02 -4.95219380e-02  3.62894274e-02
  2.69737728e-02 -2.80162995e-03  4.05276604e-02 -1.84188168e-02
  4.93048355e-02 -2.45373305e-02 -6.35985956e-02  3.80507298e-02
  4.74815890e-02  1.62384007e-02  4.53019701e-02  3.69653739e-02
 -9.37732868e-03 -6.86708614e-02 -3.45450751e-02  5.09045161e-02
  3.19397338e-02 -3.27407941e-02  4.47440781e-02  7.38677010e-02
  1.80594977e-02 -5.34245372e-02  6.54730871e-02  2.36344733e-03
 -3.62466834e-03  3.25928032e-02 -5.60195856e-02  4.38656323e-02
  6.98144361e-03 -8.09823424e-02  5.86552471e-02 -8.61103833e-02
  3.30959149e-02  1.10266402e-01 -2.58647222e-02  9.43857245e-03
 -5.34009654e-03 -8.44238698e-03 -5.42207994e-03  8.33333377e-03
  5.86799495e-02  4.35716249e-02  5.78561090e-02 -9.33286846e-02
  2.13678181e-02 -8.88120532e-02  2.04013730e-03 -3.49829942e-02
  4.15002964e-02 -9.67834368e-02  5.95751777e-02 -5.36729246e-02
  8.43274314e-03 -7.46921897e-02  3.17356288e-02 -5.46559505e-02
 -3.13854143e-02 -2.10371870e-03 -5.77764623e-02  5.30026928e-02
 -6.31037876e-02 -2.08133124e-02 -2.44744904e-02 -7.16976374e-02
  1.48349881e-01 -5.80224134e-02  7.20155761e-02  3.08871083e-02
 -4.40373942e-02 -4.49538929e-03  4.59365398e-02  1.20074153e-02
 -4.34314692e-03 -4.40950952e-02  1.90381184e-02 -4.63691122e-33
 -8.18201080e-02  3.17774452e-02 -6.60984516e-02 -1.07549420e-02
 -3.50586255e-03 -4.49800491e-03  2.24778540e-02 -5.06014563e-02
  9.72647686e-03  5.38063562e-03 -1.94829311e-02 -5.11068217e-02
  2.53770147e-02 -1.02035217e-02  1.16919475e-02  5.59967533e-02
 -7.36068115e-02  4.90219109e-02  3.96310762e-02  2.24705338e-02
  4.10923027e-02 -7.03855278e-03 -2.57929973e-02  4.72704358e-02
  1.93333160e-02 -3.26904431e-02  2.00851541e-03  1.24744559e-02
  7.20036104e-02 -5.02492674e-02 -1.20505624e-01 -8.93804803e-02
 -5.48235252e-02  2.50045639e-02 -2.47295368e-02  4.27535959e-02
  1.10211104e-01  1.46332337e-02  5.53918555e-02  9.13127214e-02
  2.93160100e-02 -4.96756062e-02 -3.73609178e-02 -2.68665720e-02
 -3.36129740e-02  1.76843777e-02 -7.07673561e-03  1.82287283e-02
 -5.19619286e-02 -1.38729317e-02  5.14065139e-02  1.05495900e-01
  1.67662243e-03  5.74787557e-02 -1.68758692e-04  3.92591879e-02
  1.09241335e-02  3.83381881e-02  7.76970834e-02 -3.44104394e-02
 -8.27457104e-03  3.01643573e-02 -4.15006578e-02  7.45988712e-02
  3.21849994e-03  2.68258294e-03 -7.53641203e-02 -1.44255713e-01
  8.68154913e-02 -6.19051047e-02 -9.47236791e-02 -5.19027049e-03
  1.50064463e-02  7.62754120e-03 -7.65046105e-02  1.66515284e-03
  4.64495867e-02  1.35253042e-01  1.00856915e-01 -1.48075828e-02
 -9.94756147e-02  1.92734022e-02  2.67264508e-02 -4.74869907e-02
 -2.80546211e-02 -8.42411220e-02  1.12060599e-01  1.75811816e-02
  3.28063257e-02  5.41059710e-02  2.89898794e-02  4.63938154e-02
  1.12994827e-01  5.22892661e-02  3.60835157e-02 -4.01584828e-08
  7.56700560e-02  2.62151682e-03 -2.19038092e-02  5.57380803e-02
  8.42955783e-02  4.06998349e-03  6.23551048e-02  2.86042206e-02
  1.28455181e-02 -8.76576360e-03  4.20546383e-02  3.31015550e-02
  2.69526858e-02 -6.72220811e-02  4.02424624e-03  8.01882893e-02
  1.71990041e-02  4.24677692e-02 -6.33919239e-03 -3.65314074e-02
 -1.78575553e-02  1.58309899e-02 -7.96943605e-02  5.81095219e-02
 -7.17582032e-02  3.04910578e-02 -9.43771303e-02  6.38152808e-02
 -1.02709651e-01 -1.34992059e-02  1.96029898e-02  4.85313386e-02
 -3.58963907e-02 -8.93524736e-02  4.76888614e-04 -3.39772142e-02
 -2.26149615e-02 -2.66998205e-02  5.32570556e-02  1.73584968e-02
 -2.43178625e-02 -5.07749878e-02  2.11870763e-02  9.60782520e-04
 -2.09491327e-02  3.25715821e-03  2.06112079e-02  7.46071385e-03
  1.14241153e-01  4.33089621e-02  1.53397247e-02  4.43820283e-02
  2.52582021e-02 -3.81678194e-02 -6.43446995e-03 -3.86575982e-02
  5.78216650e-02  3.47567871e-02 -1.30844666e-02  6.00386271e-03
 -7.51723424e-02  3.43786180e-02  5.15238941e-02  1.84339692e-03]",-0.32557207345962524,-0.5440258383750916
72656685,https://en.wikipedia.org/wiki/1974%20Kilmarnock%20and%20Loudoun%20District%20Council%20election,1974 Kilmarnock and Loudoun District Council election,"Elections to Kilmarnock and Loudoun District Council were held on 7 May 1974, on the same day as the other Scottish local government elections. This was the first election to the district council following the implementation of the Local Government (Scotland) Act 1973.

The election used the 16 wards created by the Formation Electoral Arrangements in 1974. Each ward elected one councillor using first-past-the-post voting.

Labour took control of the council after winning a large majority. The party took 12 of the 16 seats and more than 50% of the popular vote. The other four seats were won by the Conservatives.

Background
The area that was to become Kilmarnock and Loudoun, included five of the 17 burghs within the County of Ayr. The four small burghs (Darvel, Galston, Newmilns and Greenholm and Stewarton) had limited powers which included some control over planning as well as local taxation, building control, housing, lighting and drainage. The large burgh of Kilmarnock had further powers over the police, public health, social services, registration of births, marriages and deaths and electoral registration. The rest of the local government responsibility fell to the county council which had full control over the areas which were not within a burgh.

Following the recommendations in the Wheatly Report, the old system of counties and burghs – which had resulted in a mishmash of local government areas in which some small burghs had larger populations but far fewer responsibilities than some large burghs and even counties – was to be replaced by a new system of regional and district councils.

Results

Source:

Ward results

Ward 1

Ward 2

Ward 3

Ward 4

Ward 5

Ward 6

Ward 7

Ward 8

Ward 9

Ward 10

Ward 11

Ward 12

Ward 13

Ward 14

Ward 15

Ward 16

References

1974 Scottish local elections
1974","[ 5.91668300e-02 -4.06387337e-02 -4.04747538e-02  1.61267594e-02
  3.79168428e-02 -7.50141889e-02 -1.53561132e-02 -6.67389855e-02
 -6.15428910e-02  1.04600228e-01  4.55544926e-02 -6.30793199e-02
  4.20954823e-02 -4.59323302e-02  3.61066535e-02  2.45254450e-02
 -5.40036075e-02  1.12403482e-02 -1.49899675e-03  3.75236501e-03
  3.98815610e-02  2.40000412e-02  1.05194915e-02  4.78451215e-02
  4.02448401e-02  1.29720373e-02 -1.11137787e-02  3.53627242e-02
 -3.91969867e-02 -7.69445002e-02  7.18093803e-03 -9.20021757e-02
  6.24453537e-02 -5.87837808e-02  2.68179644e-02  6.95312321e-02
  2.42822114e-02  5.88601315e-03 -7.95403272e-02 -3.03893853e-02
 -4.29697707e-02 -5.55404238e-02 -6.57327753e-03 -3.88790779e-02
 -6.83515146e-02  2.30528582e-02  4.25752290e-02 -7.57932337e-03
  4.86521162e-02 -8.21410567e-02  8.17312226e-02  6.09507738e-03
 -4.62651588e-02 -1.75827704e-02 -3.57672782e-03 -7.20524937e-02
 -9.76881832e-02 -2.00577918e-03 -2.74115633e-02  7.94718601e-03
 -6.27148822e-02  3.16145644e-02 -6.43292889e-02 -1.06790792e-02
 -9.87004787e-02  1.28403679e-02 -2.74937004e-02 -7.10598305e-02
  6.02612123e-02 -5.89729771e-02  1.31668851e-01 -5.98688014e-02
  8.39855149e-03  1.14547182e-03 -1.56207634e-02 -5.56841791e-02
 -2.72397716e-02  1.18758745e-01  2.83190385e-02  2.70063546e-03
 -6.25033723e-03  7.00524598e-02 -3.30656022e-02  1.68016274e-02
  1.94836389e-02 -2.05436423e-02 -6.71196356e-02 -2.20298884e-03
 -1.91991683e-02 -2.09254045e-02  1.20248444e-01  5.01215905e-02
 -7.28514325e-03  2.00497508e-02  1.04012124e-01 -1.07791677e-01
  2.67729070e-02  3.46282013e-02  5.87001890e-02  5.73087856e-02
 -1.19631745e-01 -2.98097227e-02 -8.96677896e-02 -4.26576985e-03
  3.30781378e-02 -6.41151145e-02 -5.06054722e-02  4.28037066e-03
 -2.56672259e-02  3.62350629e-03  1.82823390e-02 -5.86440265e-02
  5.30352406e-02  1.07671097e-01  5.80128990e-02 -5.73976636e-02
  5.99579886e-03  5.53613761e-03 -9.65246707e-02  6.02203906e-02
 -1.19187939e-03  4.43696789e-02 -2.64411382e-02 -4.14423570e-02
  7.81041384e-02  8.84813964e-02  1.76940355e-02 -4.42437293e-34
 -2.51367111e-02 -2.20549237e-02 -4.50674072e-03  4.81724367e-02
 -7.44752865e-03 -1.85123235e-02  2.04842538e-02 -4.76078689e-02
  2.18293667e-02 -3.43423635e-02  8.97393972e-02 -4.02763337e-02
  6.72572013e-03 -1.15009375e-01  1.10719174e-01 -4.40731347e-02
 -2.99759563e-02 -5.12772985e-03 -4.85675521e-02  2.72032395e-02
 -5.98642565e-02  8.04216266e-02 -5.36895031e-03  1.60678178e-02
 -2.97483802e-02  5.37644746e-03 -2.64456645e-02  2.02688985e-02
  2.73958631e-02  2.77718082e-02  2.56802049e-02 -3.23329940e-02
  2.96298768e-02 -6.52702823e-02 -6.43427446e-02  2.21737344e-02
  1.34603567e-02 -5.58284819e-02  8.06498807e-03 -2.05030702e-02
 -9.62236300e-02 -8.08009431e-02 -7.76379779e-02  1.04544498e-02
 -3.70975100e-02  3.13214622e-02 -6.92514479e-02  9.47783440e-02
  2.30143778e-03  3.18577327e-03  7.80817941e-02 -1.31858662e-02
 -7.42299622e-03  1.03998348e-01 -6.27260506e-02 -4.48310282e-03
 -4.06229077e-03 -3.90577987e-02  1.98375341e-02  2.27068970e-03
  6.03732057e-02  3.45327035e-02  5.54776825e-02 -7.32917711e-02
  2.52656676e-02 -1.22553319e-01  9.00324248e-03 -3.26508768e-02
  2.20345743e-02 -8.38338509e-02  7.81444535e-02 -1.07943919e-02
 -3.48572247e-02 -4.81140427e-02 -1.46905668e-02 -7.10491138e-03
 -2.17399420e-03 -3.24331759e-03 -5.91544025e-02  2.28135940e-02
  5.10707088e-02 -1.26905343e-03 -3.89476158e-02 -1.24169961e-02
  1.33446172e-01  6.44209236e-03  6.42915219e-02 -2.21747998e-02
 -4.68603335e-02 -3.46561186e-02 -4.26505469e-02  3.71516421e-02
 -2.21906099e-02 -5.43636456e-02 -1.57714505e-02 -1.21357256e-33
  5.13398498e-02  3.68668176e-02 -2.36537512e-02  2.98577864e-02
 -4.51673344e-02  8.70276019e-02 -2.48864274e-02 -1.13058358e-01
 -3.18519473e-02  1.55508649e-02 -2.75920760e-02 -5.04513383e-02
  4.49382663e-02 -6.13849238e-02  1.06239868e-02 -6.26502000e-03
 -3.60104032e-02  4.86257225e-02  7.97189400e-03 -1.45666497e-02
 -2.82407664e-02  3.23983245e-02  2.42098197e-02  3.71787585e-02
  8.74555018e-03 -4.13580388e-02 -8.17868561e-02  9.81890690e-03
  2.14318018e-02 -5.50669944e-03 -8.95942096e-03 -1.33649752e-01
 -2.10134722e-02  3.00301127e-02  2.66460124e-02 -4.32544760e-02
  6.53691143e-02  1.73887087e-03  6.45399466e-02  1.34661561e-02
  1.02627091e-02 -7.67810270e-03  3.97181697e-02 -5.73486462e-02
 -5.58616146e-02 -1.57869756e-02  1.20854331e-02  6.65069073e-02
 -1.10225566e-02 -1.11529365e-01  5.68551943e-02  1.12595007e-01
 -2.06021965e-02  1.14223406e-01  5.45466738e-03  4.46520373e-02
  1.57054551e-02  3.95400487e-02  3.26505452e-02 -5.20426221e-02
 -6.07060678e-02 -4.77009006e-02 -5.89863323e-02  1.47895394e-02
  7.59549439e-02 -7.66504556e-02 -5.52022271e-02 -4.89750765e-02
  1.03350513e-01 -5.75324483e-02 -8.59304219e-02 -7.34818429e-02
  6.75189793e-02  8.21665023e-03 -8.23414710e-04  1.83454007e-02
 -9.00522061e-03  5.84048852e-02  1.30811823e-03  3.29354964e-02
 -2.32819691e-02  4.61877324e-02  5.28274626e-02 -6.85396865e-02
 -4.14404646e-02 -1.16031263e-02  1.93728030e-01 -1.13014514e-02
  3.11017614e-02  5.40464967e-02  1.72765292e-02  2.40903869e-02
  1.09505787e-01  6.13190606e-02  5.09519540e-02 -4.56116034e-08
  8.94898549e-02 -1.88683048e-02 -3.53961587e-02  5.97101711e-02
  5.21814041e-02 -5.71977869e-02  1.07384529e-02  4.26282175e-02
 -3.37886289e-02  4.35338356e-02  8.81690085e-02  1.30331451e-02
 -3.07892822e-02 -3.60402428e-02 -2.94774160e-04  4.34251912e-02
  2.26459391e-02  4.54114266e-02  3.92132299e-03 -2.63431966e-02
  1.15432544e-02 -5.15724197e-02 -8.60599801e-02  5.21593653e-02
 -3.77973318e-02  2.35603191e-02 -1.72331883e-03  4.26493920e-02
 -1.67939737e-02  2.00012457e-02  1.49243057e-03 -2.54213344e-02
 -4.06679139e-02  3.96388508e-02  9.37213376e-03 -3.47263105e-02
 -1.25002891e-01  1.16966227e-02  5.21312095e-02  2.41650362e-02
 -4.67609465e-02 -5.78033691e-03  3.92222852e-02  5.04093766e-02
 -1.55463405e-02  4.33214530e-02 -7.96916634e-02  3.73142250e-02
  1.78221967e-02  1.13367578e-02  2.28893459e-02  7.34581128e-02
  6.69275299e-02  1.24987829e-02 -1.46382966e-03  9.53661185e-03
  1.16851705e-03  2.86250524e-02 -2.27495120e-03  2.51759049e-02
 -2.39826906e-02  1.12368353e-01 -3.14823389e-02  3.87250595e-02]",-0.29565998911857605,-0.5739247798919678
8354379,https://en.wikipedia.org/wiki/Lonsdale%20%28UK%20Parliament%20constituency%29,Lonsdale (UK Parliament constituency),"Lonsdale was a county constituency in north Lancashire, England. It returned one Member of Parliament (MP) to the House of Commons of the Parliament of the United Kingdom, elected by the first-past-the-post system.

Members of Parliament

Elections

Election in the 1910s

Election in the 1920s

Election in the 1930s

Elections in the 1940s 
General Election 1939–40:

Another General Election was required to take place before the end of 1940. The political parties had been making preparations for an election to take place from 1939 and by the end of this year, the following candidates had been selected; 
Conservative: David Lindsay 
Labour: 
Liberal:

References

Sources

Parliamentary constituencies in North West England (historic)
Constituencies of the Parliament of the United Kingdom established in 1918
Constituencies of the Parliament of the United Kingdom disestablished in 1950
Morecambe","[ 5.27632721e-02 -8.11538175e-02  1.02555547e-02 -5.86527549e-02
  5.74137010e-02  1.62708312e-02 -4.27619740e-02 -1.46118202e-03
 -4.06227559e-02 -4.15460654e-02 -1.37910591e-02  4.30463329e-02
  6.54719472e-02  6.35275571e-03  4.85195629e-02  6.51173145e-02
 -6.74047396e-02 -4.12902087e-02 -7.56026944e-03  9.32350084e-02
 -4.87529580e-03  5.20303436e-02 -4.93940637e-02  7.18307421e-02
  9.41136032e-02 -5.50427660e-02  8.31142534e-03  6.35377094e-02
  2.12307367e-02  4.05112427e-04  9.10375789e-02 -3.69019583e-02
  7.08263516e-02  4.97518182e-02  9.11107473e-03 -7.22088814e-02
  3.61444317e-02  3.37255634e-02 -2.81776991e-02 -1.22557804e-02
 -7.36133084e-02  3.52664082e-03 -4.28940281e-02 -1.48331607e-02
 -2.99195703e-02  1.17070064e-01  1.04184963e-01 -1.87937338e-02
 -7.81430379e-02  5.10114692e-02  3.19863693e-03  2.84504108e-02
  1.00836409e-02 -6.31723553e-02  6.19238093e-02 -5.86687066e-02
 -4.89791110e-02  3.47308069e-02 -9.58274826e-02 -2.55640727e-02
 -8.30221474e-02 -7.26193115e-02 -3.38702300e-03 -7.49223400e-03
 -2.48438511e-02  9.31742787e-03  2.90402509e-02 -4.01833914e-02
  6.21233135e-02 -4.82537001e-02 -4.79801605e-03 -4.13263291e-02
 -2.75994389e-04 -5.82695603e-02 -6.23202324e-02 -5.06237336e-02
  6.21298188e-03  9.34279338e-02  3.84486206e-02  2.89894287e-02
 -6.26718532e-03  2.83052586e-02  3.79252285e-02  5.92163652e-02
  4.28324975e-02 -7.39851221e-02 -3.80189344e-02  1.11249909e-02
 -5.46622649e-03 -7.75850192e-02 -2.17288211e-02  2.29781400e-02
  2.40979120e-02  9.97853428e-02  5.80616370e-02 -4.73891757e-02
  1.26200646e-01  2.91471556e-02  1.24073312e-01  8.70718583e-02
 -7.72047415e-02 -3.11846696e-02 -5.25994450e-02 -2.23498978e-02
 -6.58402219e-02 -1.26790954e-02  1.96651798e-02 -1.79935265e-02
  3.58473090e-03 -9.38032940e-03  7.20538348e-02  1.62695106e-02
  6.15991652e-02  8.82761255e-02  2.63886135e-02 -8.18271711e-02
 -1.08638983e-02  6.42233267e-02 -4.31634896e-02  2.00897288e-02
 -9.29606929e-02 -2.83405166e-02  3.82454530e-03 -2.77729742e-02
 -1.21427998e-02  1.02455102e-01 -3.17913294e-02 -2.32140445e-33
 -3.04647554e-02 -3.29337530e-02 -4.41804789e-02  9.85306129e-02
 -4.32177112e-02  8.79457872e-03  6.57991916e-02  8.37512314e-02
  6.57054335e-02 -8.34528059e-02  1.07748777e-01 -6.57667592e-02
  2.64209453e-02 -7.05751106e-02 -6.75543863e-03 -2.62775682e-02
 -6.32388666e-02 -2.80743986e-02 -4.38947789e-02 -5.27707189e-02
 -2.44819429e-02 -7.26154773e-03 -3.15861776e-02 -6.40508113e-03
  3.99929285e-03 -7.49004409e-02  6.92857951e-02 -6.33647898e-03
  2.07485426e-02  1.39079457e-02  1.09664991e-01 -1.11038603e-01
  1.44164590e-02  4.15048860e-02 -7.50837848e-02 -1.29364710e-03
 -3.60528491e-02  3.32227871e-02  1.27357505e-02 -8.85289088e-02
  1.87273100e-02 -1.59479491e-03 -3.72119695e-02 -3.22865322e-03
 -4.87261452e-02 -9.67213605e-03  2.76981760e-02  5.66452630e-02
 -1.01336338e-01  6.76546395e-02  1.41975572e-02 -3.68521437e-02
 -2.76977066e-02 -3.32193859e-02 -4.58464324e-02 -4.02075611e-02
 -8.64118412e-02 -3.48539688e-02 -1.00005709e-01 -3.79667208e-02
 -4.22908179e-03  6.26847101e-03  7.29918331e-02 -9.71620306e-02
  1.41588403e-02 -1.03343964e-01 -4.31210734e-02 -8.99144858e-02
  6.42537624e-02 -1.56152155e-02  1.12287559e-01  2.74444446e-02
  3.81405279e-03 -5.14562204e-02 -4.11191471e-02 -1.56044532e-02
 -7.53694773e-02 -3.78387682e-02 -2.46925186e-03  3.20697133e-03
  4.56333868e-02  6.12914860e-02 -4.39516502e-03  2.49486342e-02
  1.02244228e-01 -7.37643912e-02  2.16521639e-02 -2.22378839e-02
 -4.03202251e-02  1.00149028e-03 -4.85488586e-03 -1.05833463e-01
  5.62338009e-02 -1.12267584e-01  7.08705466e-03  6.57002206e-34
 -5.48510998e-02  1.31060211e-02 -4.88856435e-02  2.54219826e-02
  4.81195152e-02  3.14043574e-02  8.09227899e-02 -8.25679451e-02
 -2.09579151e-02  1.27608841e-02  3.65259051e-02  1.97989494e-02
  6.68847635e-02 -4.94516939e-02 -4.35449779e-02 -9.00715776e-03
 -1.84904693e-05 -5.16332053e-02  3.14304568e-02 -3.20038199e-02
  4.84321639e-02 -4.59666736e-02  7.58682862e-02 -2.66780313e-02
  1.93735156e-02 -6.37296122e-03  1.03206327e-02 -3.08978148e-02
  2.13265605e-02  7.67915696e-02 -2.08180249e-02 -3.23557332e-02
 -1.17162401e-02 -3.23051326e-02  2.07519140e-02 -4.33857329e-02
 -1.33161806e-02 -2.83951592e-02 -3.03298552e-02 -5.10377251e-02
 -9.02887061e-02 -7.27436170e-02  7.98543990e-02  1.61451567e-02
 -3.51314396e-02  3.52434395e-03 -7.90894963e-03 -2.97483732e-03
  7.16353059e-02  6.20787404e-02 -1.76321901e-02  1.26587912e-01
  4.87892441e-02  4.95904200e-02  2.44511757e-02 -2.99252532e-02
 -3.47963609e-02  2.22545154e-02 -4.13632914e-02  3.54004428e-02
 -4.94200438e-02 -1.23678884e-02 -4.44075763e-02 -1.31302811e-02
  3.20130587e-02  2.29815617e-02 -8.41328874e-02 -2.03908272e-02
  5.46354502e-02 -3.82366553e-02 -1.27678821e-02  6.82139711e-04
  5.08317687e-02  2.97299512e-02 -3.03383861e-02  3.40435840e-03
  4.59071547e-02  3.49325649e-02 -4.95003425e-02 -4.30609584e-02
 -2.06006542e-02  5.92468260e-03  3.95135172e-02 -3.14651951e-02
  1.49108591e-02 -6.73801079e-02  8.80756825e-02  6.08349964e-02
 -4.78918329e-02 -2.08720583e-02  6.50317073e-02  1.97013281e-02
  5.42251244e-02 -3.57212313e-03  7.84373581e-02 -3.81894232e-08
 -1.92814562e-02 -1.02018625e-01 -1.32120280e-02  3.03105675e-02
  2.95902900e-02  2.19457317e-02  4.20386121e-02  4.84706052e-02
 -3.89494747e-03 -1.34707810e-02  5.97059391e-02  3.28855813e-02
 -3.30979228e-02 -8.68786033e-03  5.95804304e-02 -1.13112375e-01
 -7.73207983e-03  5.45462547e-03 -5.38312867e-02  1.78617500e-02
  9.40731028e-04 -1.31974621e-02 -7.72828087e-02  1.47410363e-01
  3.24539691e-02  9.81972646e-03  8.66959803e-03 -5.96300326e-02
  2.92039942e-02 -5.80469631e-02  1.96206570e-02  8.18504691e-02
  1.03035010e-03  5.96277267e-02 -8.64807293e-02 -2.29497515e-02
 -2.30298713e-02  5.84688410e-02 -2.67409086e-02 -2.76631936e-02
  2.73032300e-02 -3.40871997e-02 -4.03684340e-02  2.32715141e-02
  4.46117148e-02 -1.78710669e-02 -3.61351483e-02  6.11615963e-02
 -1.98100191e-02 -1.07442923e-02  9.70689859e-03  4.54888530e-02
  4.90822718e-02  6.36795834e-02 -1.44965788e-02  2.10898723e-02
  2.08848603e-02 -6.23765774e-03  7.36857057e-02  9.34453383e-02
  4.19073831e-03  1.25947431e-01 -1.80860981e-02  1.97032392e-02]",-0.3071017265319824,-0.5362655520439148
20951274,https://en.wikipedia.org/wiki/Orkney%20%28disambiguation%29,Orkney (disambiguation),"Orkney may refer to:

Scotland
Orkney, an archipelago in Scotland, also known as the Orkney Islands
Mainland, Orkney, the largest island in the Orkney archipelago
Orkney (Scottish Parliament constituency), the constituency for the Orkney Islands in the Scottish Parliament in Edinburgh
Orkney Islands Council, the local authority for Orkney

Antarctica
South Orkney Islands, a group of islands in the South Atlantic Ocean.

South Africa
Orkney, North West, a mining town in South Africa
Orkney Snork Nie, a sitcom in Afrikaans set in Orkney, North West Province

Canada
Rural Municipality of Orkney No. 244, Saskatchewan
Orkney, Saskatchewan, a village

United States
Orkney, Kentucky

See also
Orkney and Shetland (UK Parliament constituency) the constituency for Orkney  in the British Parliament in London
Orkney Movement, part of an electoral coalition, the Orkney and Shetland Movement, formed for the 1987 UK general election
Heart of Neolithic Orkney, a World Heritage Site on Mainland Orkney","[ 3.63546200e-02 -6.75714985e-02  2.99120322e-02 -1.51925441e-02
  9.61416662e-02 -5.94256856e-02 -8.45403075e-02 -9.15934071e-02
 -2.71903235e-03 -2.02354826e-02  5.05942143e-02 -1.66482814e-02
  9.17833066e-04  9.17322468e-03  7.06388652e-02  2.73400918e-02
 -6.02798648e-02  5.83467633e-03  5.31766489e-02  4.57212329e-02
  1.79241579e-02  1.03866480e-01 -3.87584791e-02  2.13722028e-02
  4.82776994e-03  1.50393127e-02  4.06989716e-02  2.33526062e-02
  2.29407046e-02  5.72118089e-02  6.05293666e-04 -4.12759325e-03
 -7.21286684e-02  3.59915830e-02  1.32279722e-02  6.73964471e-02
 -1.38735985e-02  1.57156792e-02 -7.85656124e-02  1.19186742e-02
 -1.02541022e-01 -9.09965932e-02  8.71181767e-03  3.66562605e-02
  2.68518273e-02  2.53699105e-02  4.30470593e-02 -4.71860506e-02
  9.13416315e-03 -1.27206501e-02 -3.13526466e-02 -1.63456928e-02
 -5.05834781e-02 -9.29427966e-02 -4.21080925e-02 -4.23096754e-02
  2.20967010e-02 -6.36859760e-02 -3.87627408e-02 -3.82658429e-02
 -6.04924783e-02 -5.67700826e-02  2.63213105e-02  6.44268394e-02
 -4.47903611e-02  6.46682829e-02 -4.09946665e-02  4.11888324e-02
 -6.70709684e-02 -4.36228551e-02  4.32926118e-02 -1.02517724e-01
 -2.90234610e-02  9.80122611e-02 -1.27053205e-02  1.60352476e-02
 -4.38927161e-03  9.00663957e-02  5.60854673e-02  3.45516354e-02
  2.80067772e-02  2.80716028e-02 -5.40911825e-03  7.12178275e-02
  4.70765820e-03 -9.88911614e-02 -2.46832184e-02 -4.57992870e-03
  6.53427234e-03 -8.01569745e-02 -9.54558980e-03  2.58583538e-02
  8.03928822e-02 -1.99051388e-02  5.83442375e-02 -1.53678400e-03
  3.36016063e-03  3.09605468e-02  1.71518177e-02  1.05219260e-02
 -5.49118482e-02  2.05864795e-02 -1.21606424e-01  9.51111875e-03
  2.13633943e-02 -7.18947500e-03 -5.11609130e-02  4.13921177e-02
  1.25140041e-01 -3.72245465e-03  1.03573361e-02 -5.40851243e-02
 -3.62285711e-02  3.74116227e-02  2.28693690e-02 -1.71619877e-02
 -2.32531521e-02  9.23584476e-02  2.79679447e-02 -6.38860976e-04
 -5.79128526e-02  2.27237530e-02 -3.36727723e-02  4.61249165e-02
  2.10873149e-02  9.71700996e-02 -2.60736719e-02  5.78890560e-34
 -2.96514947e-02 -2.17195824e-02  5.27426228e-03  3.28682456e-03
 -2.15981174e-02 -4.34216633e-02  4.03460488e-02 -6.20952211e-02
  1.47927478e-02  4.54546604e-03  6.65481389e-02 -5.86411022e-02
 -3.69049273e-02  1.41919293e-02  3.96041237e-02 -4.77370359e-02
  8.98673981e-02 -4.70701829e-02 -7.06943795e-02  1.55018838e-02
  5.38922660e-02  5.85588589e-02  4.02156487e-02 -9.90220997e-03
  3.83628644e-02 -8.89231861e-02  2.40363367e-02 -6.96056634e-02
 -3.40021513e-02 -2.67606154e-02  2.78889854e-02 -7.33101368e-02
 -4.33382913e-02 -4.49710935e-02 -5.79172410e-02 -5.14187403e-02
  2.69066636e-02  1.34206936e-03 -4.59927991e-02  3.77689637e-02
 -9.73180160e-02 -1.17731858e-02  2.24835221e-02 -6.59106150e-02
  2.71252189e-02  1.73032396e-02  3.08487117e-02  8.73176381e-02
 -1.00247383e-01  3.76376770e-02  4.42773439e-02  2.95705087e-02
 -2.35803556e-02  5.01964167e-02 -2.46710554e-02 -2.38938536e-02
  1.63540319e-02  1.00554468e-03 -5.24564236e-02 -8.20263550e-02
  5.85417412e-02 -8.31164978e-03  1.03754975e-01 -9.66451243e-02
  6.09839568e-03 -8.59689806e-03  1.00912660e-01 -1.99582987e-02
  2.80507002e-03 -6.10042103e-02  5.41939749e-04 -1.88118145e-02
 -2.45482149e-03 -1.26464255e-02 -6.56511337e-02 -6.95175212e-03
 -1.24151215e-01 -9.70272347e-03 -3.42502855e-02  7.09551619e-03
 -8.78581554e-02  3.64480391e-02  1.48627786e-02  1.63698643e-02
  5.86229376e-02 -4.21510339e-02  3.31733376e-02 -3.57754505e-03
 -8.89342930e-03 -1.35958105e-01 -6.13683648e-03 -1.27628874e-02
  3.99380811e-02  4.65438329e-03 -4.29530367e-02 -2.17803234e-33
 -1.02857374e-01 -2.87232026e-02 -5.75378723e-03  2.03492139e-02
 -1.09401289e-02 -1.74243581e-02  6.65553585e-02 -5.59123140e-03
 -3.90538760e-02  2.71294359e-02 -8.59399959e-02  1.87450554e-02
  9.54556838e-02 -7.02276155e-02 -5.77238447e-04  1.13668546e-01
 -3.74076031e-02  1.12554885e-01  3.56710926e-02 -2.12437809e-02
  5.70669398e-02 -7.40999496e-03  1.04718059e-01  3.12852189e-02
  8.02925006e-02  2.53265630e-02  1.20933287e-01 -4.28983681e-02
 -3.66905928e-02 -3.96341532e-02 -3.43532562e-02  8.64349157e-02
  3.02776904e-03 -1.61881410e-02  4.51119281e-02 -3.47336717e-02
 -4.78915125e-02 -4.01119106e-02 -9.51429550e-03  5.20065017e-02
 -5.88855110e-02  2.68457737e-02  1.29798418e-02  5.03888018e-02
 -1.31498441e-01 -6.15666397e-02  5.94000332e-03  1.23430386e-01
  4.23559435e-02 -4.08679247e-03 -3.05688027e-02  8.81197155e-02
  5.58214188e-02  1.61814559e-02  6.54023897e-04  3.14882770e-02
 -1.78631172e-02  3.13829705e-02  1.80596150e-02 -6.37992173e-02
  4.22547571e-03  8.46194290e-03 -3.19602364e-03  7.97691867e-02
  9.35629476e-03  3.05726379e-02 -1.07360393e-01 -4.10498269e-02
 -1.05098728e-02 -4.15150002e-02 -1.18089139e-01 -3.44650783e-02
 -3.86830121e-02 -3.23641412e-02  8.17261264e-03  5.42629138e-03
  1.02187008e-01 -5.37408032e-02  5.43361604e-02  1.41010527e-02
 -8.54196027e-02  2.77381446e-02  6.57042721e-04  7.75859579e-02
 -3.97026651e-02 -4.05109599e-02  5.64658642e-02  8.54035988e-02
  2.40746997e-02 -1.55583182e-02  1.29318368e-02  5.38218534e-04
  1.35319922e-02  1.14615692e-03  3.22279409e-02 -3.74847033e-08
  3.01667303e-02 -7.69176632e-02  2.78896056e-02  4.77043763e-02
  4.20334423e-03 -1.97763462e-02  2.62533370e-02  8.22042953e-03
 -6.33442018e-04  3.11963726e-02  2.91055553e-02 -4.82057501e-03
 -6.02829978e-02 -8.54337588e-02 -3.02917045e-02  1.80226900e-02
  8.10469165e-02  8.24836195e-02 -3.68220359e-02 -7.16188317e-03
  3.52279171e-02 -7.75289983e-02 -4.02446501e-02  7.46520758e-02
 -4.71724570e-02 -4.04508673e-02  1.35953790e-02  5.19620478e-02
  8.81465599e-02 -2.39215028e-02 -1.06026381e-01 -5.74531071e-02
 -5.37784882e-02  2.50765607e-02  3.93385626e-02 -2.66225990e-02
 -7.30516240e-02  5.43131446e-03  8.02727863e-02  1.03417030e-02
 -1.36982158e-01 -8.54690745e-02  6.43706173e-02 -4.80396487e-03
 -4.01113927e-03  1.97675060e-02 -2.22823713e-02  6.37132600e-02
 -1.19775198e-02  3.84329609e-03 -8.83553177e-03 -2.98674572e-02
  7.76709020e-02  2.09112428e-02  2.62736548e-02  8.47160667e-02
 -1.38842957e-02  4.67179865e-02  3.49131487e-02  9.53436568e-02
  1.18254567e-03  4.62771766e-02  1.26938066e-02 -8.11318159e-02]",-0.28888607025146484,-0.5546537637710571
64478025,https://en.wikipedia.org/wiki/2007%20Mid%20Sussex%20District%20Council%20election,2007 Mid Sussex District Council election,"The 2007 Mid Sussex District Council election took place on 3 May 2007 to elect members of Mid Sussex District Council in England. It was held on the same day as other local elections.

Ward results

Ardingly and Balcombe

Ashurst Wood

Bolney

Burgess Hill Dunstall

Burgess Hill Franklands

Burgess Hill Leylands

Burgess Hill Meeds

Burgess Hill St Andrews

Burgess Hill Victoria

Copthorne and Worth

Crawley Down and Turners Hill

Cuckfield

East Grinstead Ashplats

East Grinstead Baldwins

East Grinstead Herontye

East Grinstead Imberhorne

East Grinstead Town

Hassocks

References

Mid Sussex
Mid Sussex District Council elections","[ 2.21183375e-02 -9.54233557e-02  1.10434905e-01  1.33229438e-02
  6.63057640e-02  1.95476655e-02 -4.44747880e-02  4.21832688e-02
 -4.49164994e-02  2.99223047e-02 -3.65859643e-02 -7.04398006e-02
  1.50373857e-02  1.54235512e-02  2.39331517e-02  9.13016647e-02
 -2.58111302e-02  2.03299765e-02  7.50299618e-02  6.93064462e-03
 -1.49581870e-02  5.12435175e-02 -2.61760522e-02  3.79821137e-02
  7.73832854e-03 -8.80324692e-02  5.73302545e-02  6.53222650e-02
  1.26635842e-02 -1.31998500e-02  2.42325459e-02 -2.47858521e-02
  3.85026410e-02  4.77394387e-02 -3.65324616e-02  1.22549152e-02
  4.23164666e-02 -1.69949569e-02  5.99458292e-02 -3.41898836e-02
 -3.31972949e-02 -1.02326749e-02 -2.92699058e-02 -5.49911074e-02
 -7.47808367e-02  7.24629015e-02  9.51921865e-02 -4.38493080e-02
 -8.16935897e-02  1.70108527e-02  2.35695895e-02 -1.79095734e-02
 -8.06535184e-02 -4.13230397e-02 -3.09614297e-02  2.02465691e-02
 -4.44538668e-02 -9.07142274e-03 -3.01674679e-02 -5.62437903e-03
 -4.89151180e-02  4.34934050e-02 -9.24261734e-02 -3.63929793e-02
 -8.42997525e-03  2.89490446e-02 -8.38556979e-03  2.12671030e-02
  8.24074596e-02 -1.67456970e-01 -7.77781475e-03 -4.26035970e-02
  7.09564537e-02 -7.19560832e-02  3.65965925e-02 -3.32162157e-02
 -7.62655437e-02  3.65158170e-02  9.24762711e-02 -5.30927181e-02
 -1.22503854e-01  5.65602211e-03 -3.05472687e-02  2.33180192e-03
  2.56255288e-02 -1.06528513e-02 -2.81658024e-02  4.67276573e-02
 -1.42549593e-02 -2.41434537e-02  1.79848485e-02  5.80344796e-02
 -6.57093376e-02  3.41378488e-02 -5.69394529e-02 -4.02800255e-02
 -2.51622852e-02  4.59640026e-02 -7.61795091e-04  4.46095429e-02
 -9.50898901e-02  5.40425554e-02 -5.12436777e-02 -1.50610674e-02
  1.89237725e-02 -8.31694007e-02  5.06482553e-03 -2.18032934e-02
  5.58249000e-03 -7.34927803e-02  2.34436020e-02  6.96291216e-04
  5.83088733e-02  2.02490054e-02 -1.60267334e-02 -3.70216854e-02
  4.63892929e-02 -4.03650552e-02 -1.12906404e-01  2.93359216e-02
 -9.04036015e-02  6.51560202e-02  6.72100708e-02 -4.80494574e-02
  1.24031175e-02 -2.20394656e-02  3.86743993e-02  1.41586473e-32
 -9.04476121e-02  1.09736957e-02  7.34627098e-02  7.18555599e-02
 -5.28472289e-03 -1.75984837e-02  3.42017709e-04 -2.07176041e-02
  3.90824825e-02 -1.45308645e-02  8.65582824e-02 -3.43705574e-03
  5.38760498e-02 -1.21322989e-01 -3.12130135e-02 -2.08729692e-02
  2.29562521e-02  6.59487583e-03 -1.15972385e-01  2.48098094e-02
 -3.46710160e-02 -2.05856115e-02  1.25649786e-02 -1.06481032e-03
 -3.42843346e-02 -3.84477060e-03  6.72809333e-02  7.94928074e-02
  9.31402817e-02  4.01195809e-02  1.89509653e-02  2.06647478e-02
  2.53468286e-02 -9.15835127e-02 -2.11607125e-02  7.02560246e-02
 -1.38825029e-02 -3.83051299e-02 -4.35131527e-02  4.59865890e-02
  5.91199379e-03 -4.99140695e-02  4.07623202e-02 -1.99391935e-02
 -6.92098364e-02 -3.22359130e-02 -2.99643930e-02  3.19210440e-02
  6.39002398e-02  3.54468152e-02  7.21304789e-02 -5.55695109e-02
 -2.50692456e-03  7.95954391e-02  3.08067934e-03 -2.44636051e-02
 -2.47494895e-02 -4.84658778e-03  1.49340769e-02 -2.38111615e-02
  5.66196740e-02  2.09154445e-03 -1.10905848e-01 -1.17113307e-01
 -4.84524332e-02 -1.55270889e-01 -5.07276766e-02  1.11780455e-02
  4.82112728e-03 -4.10335846e-02  3.92243788e-02 -3.43577899e-02
  5.63738644e-02  2.53444575e-02 -6.15829006e-02 -5.79867102e-02
 -7.01887757e-02  1.68634742e-03 -8.48051906e-03  3.81024182e-02
  1.83445569e-02  1.23785734e-02 -2.53885165e-02 -9.16104987e-02
  1.30227655e-01 -6.90253600e-02  6.96875229e-02 -4.22723442e-02
 -3.85202542e-02 -3.96890678e-02 -3.17283571e-02 -5.28452061e-02
  2.04978213e-02  3.35359499e-02 -2.79751774e-02 -1.27706999e-32
 -5.46545461e-02  5.41821262e-03 -8.22326168e-02 -1.60183087e-02
  2.39556041e-02  8.00143108e-02  8.98898765e-02 -2.29160432e-02
 -2.76712161e-02 -8.14651325e-02 -7.93574005e-02  6.97315577e-03
  7.28655532e-02 -1.28980661e-02  3.02135237e-02  4.15756367e-03
  1.57728195e-02 -5.94176799e-02  1.00514635e-01 -1.48965362e-02
  6.66609183e-02  5.24924044e-03 -1.01530232e-01  4.28666733e-03
 -3.79588604e-02  4.02064137e-02 -3.36621217e-02  9.58313718e-02
  7.47693777e-02  4.45978306e-02 -1.98985618e-02 -6.90217540e-02
  1.35940046e-03  5.14320061e-02 -2.76514050e-02 -4.55916710e-02
  9.91498530e-02 -1.43833812e-02 -3.99264060e-02 -5.32312039e-03
 -3.91337946e-02 -7.13879317e-02 -4.75667082e-02  4.92587574e-02
  5.28270565e-03 -1.49438689e-02  3.98511719e-03  3.34796682e-02
  2.08111703e-02  4.89936806e-02  2.32274588e-02 -5.01229987e-03
 -3.86498757e-02  1.43900868e-02 -2.98841968e-02  2.97369696e-02
 -4.92491610e-02  4.21541510e-03  8.67077336e-02 -2.24160049e-02
 -5.13916351e-02  4.76721413e-02  3.84003296e-02  5.29639947e-04
  7.36979942e-04 -6.10940754e-02 -2.99416501e-02  1.17920002e-03
  9.74978320e-03 -5.52385189e-02 -9.33879167e-02  4.86949682e-02
  2.38194894e-02 -8.45063329e-02 -1.32593070e-03  6.12110905e-02
  8.73233229e-02  5.31244650e-02 -3.74739207e-02  2.77315988e-03
 -5.87598123e-02  3.06937601e-02 -2.10453961e-02  2.18953714e-02
 -3.57589275e-02  4.17088941e-02  6.60013333e-02  2.68158596e-03
  1.48418816e-02 -8.48216638e-02 -6.71418570e-03  1.02784209e-01
  5.10089211e-02  4.49280180e-02  7.00349137e-02 -5.02071309e-08
  7.63558671e-02 -8.65646154e-02 -1.63887255e-02  2.28627939e-02
  2.11321916e-02  2.28689089e-02  3.38046905e-03  7.98104182e-02
 -4.63954136e-02  9.64996591e-03  1.14084266e-01  3.04764360e-02
  8.60076863e-03 -3.52329910e-02  1.93752814e-02  7.43213715e-03
 -5.69544435e-02  2.19533220e-03 -3.67863663e-02 -2.15098821e-02
 -6.47917613e-02 -1.16110151e-03  5.67233078e-02  7.78045207e-02
 -5.18229138e-03 -1.81457195e-02 -8.06157738e-02  1.07970750e-02
 -1.44154340e-01 -1.48650594e-02  5.34654409e-02  8.94681439e-02
 -2.18148772e-02  3.80405262e-02  2.54127965e-03 -4.73134741e-02
 -7.19650835e-02  7.53139034e-02 -2.89516058e-02  7.42150694e-02
  7.78152123e-02 -6.03264719e-02  3.06347571e-03  4.01042700e-02
  3.88957560e-02  2.77931206e-02 -2.33967640e-02  7.07777888e-02
  1.16882965e-01 -1.53300362e-02 -4.39419672e-02  2.56888190e-04
 -3.98623897e-03 -9.74987261e-03 -3.82540114e-02  3.38861602e-03
 -3.71354781e-02 -3.47699113e-02  4.61107045e-02  3.75746423e-03
  6.58978242e-03  2.00737920e-02 -2.71286108e-02  2.70368457e-02]",-0.2974468469619751,-0.595893144607544
58595423,https://en.wikipedia.org/wiki/2018%20Peterborough%20County%20municipal%20elections,2018 Peterborough County municipal elections,"Elections were held in Peterborough County, Ontario, on October 22, 2018, in conjunction with municipal elections across the province.

Peterborough County Council
Peterborough County Council consists of two members from each of the county's constituent municipalities.

Asphodel-Norwood

Source:

Cavan Monaghan

Source:

Douro-Dummer

Havelock-Belmont-Methuen

Source:

North Kawartha

Source:

Otonabee-South Monaghan

Selwyn

Source:

Trent Lakes

Source:

References

Peterborough
Peterborough County","[ 7.55017903e-03 -6.90169409e-02  6.41814023e-02 -1.60747617e-02
 -4.12709676e-02 -3.64115685e-02 -5.12711480e-02 -3.73735055e-02
  3.58401537e-02  4.67895828e-02  2.13846304e-02 -4.33670431e-02
 -9.37416106e-02 -8.35401863e-02 -2.64967754e-02  3.98227125e-02
  1.04068378e-02  5.63553907e-02  4.14514691e-02 -4.21600193e-02
  2.16639321e-02 -1.75653975e-02  1.49649410e-02 -2.34831404e-02
  8.29558671e-02  6.10084878e-03 -4.08248603e-02  1.43744275e-02
  6.07563108e-02  2.38667801e-02 -3.32568102e-02 -7.35686049e-02
 -2.35939976e-02  2.88573559e-02 -3.15023996e-02  1.96944829e-02
 -3.12963314e-02 -3.77876647e-02 -1.27850045e-02 -5.94421895e-03
 -1.19625311e-02 -6.26387671e-02 -1.27443105e-01 -1.30170155e-02
 -1.37492483e-02  1.58429593e-02 -8.14420730e-02 -2.81773065e-03
 -2.64245626e-02 -3.10766492e-02 -1.72770228e-02  3.46042775e-02
 -1.75757632e-02 -6.63461834e-02  4.02216576e-02  2.92304792e-02
  4.45637759e-03  4.42313179e-02  1.25583457e-02  4.82582375e-02
  7.01191276e-03  4.87457849e-02 -1.01763800e-01  7.54875457e-03
 -8.06944519e-02  6.05606437e-02 -5.43512031e-02  5.07200044e-03
  8.14683214e-02 -9.03661102e-02  7.31571466e-02 -2.12593805e-02
  8.65385830e-02 -1.04845196e-01 -3.48772928e-02 -3.12440377e-03
 -6.06973767e-02  4.75371815e-02  7.77214095e-02 -1.24575780e-03
  8.18566326e-03  6.34921268e-02  5.54673783e-02  2.13997681e-02
  3.74710597e-02 -4.90106940e-02  1.46364458e-02  7.88363665e-02
 -6.77240342e-02  4.56374772e-02 -5.62106632e-03  9.95579734e-02
 -6.21648580e-02  7.99000859e-02 -1.70467012e-02 -5.44662848e-02
  9.67245847e-02  6.72371909e-02  5.42257689e-02  3.47052440e-02
 -1.02433488e-01  4.04640846e-02 -6.09516315e-02 -4.05527391e-02
 -3.47288419e-03 -5.10459803e-02 -8.86307582e-02 -9.74251926e-02
  6.35895878e-02 -2.20551565e-02  7.82082230e-02 -3.50761749e-02
 -3.16803604e-02 -2.03425530e-03  1.16375857e-03 -4.11434881e-02
 -6.09816797e-02  3.01533286e-02 -1.32736480e-02  7.84658566e-02
 -1.05240457e-01  4.47613234e-03 -3.31206843e-02 -9.48613882e-03
  1.32702678e-01 -9.63443425e-03 -6.71348721e-03  3.74633429e-33
 -6.35650083e-02  2.17225458e-02  3.70263271e-02  8.49142969e-02
 -6.93715215e-02 -1.03888810e-01  5.51530486e-03 -4.91433851e-02
 -3.47782783e-02  2.14318018e-02  9.53142717e-02 -1.23238079e-02
 -4.50430401e-02 -1.19870476e-01  3.90443914e-02 -1.74934436e-02
  6.19975366e-02  3.76115255e-02 -3.12146544e-02  2.26253550e-02
  3.85343991e-02 -9.15004232e-04 -3.35093960e-02 -1.19877011e-02
 -1.35752894e-02 -5.90195544e-02 -2.99924389e-02 -3.14502208e-03
  1.14041902e-02  8.06241576e-03  2.44336314e-02 -4.14899923e-02
  7.68503081e-03  5.83907031e-02 -1.84221286e-02  1.38169480e-02
  4.35455609e-03 -5.67375273e-02 -4.67405245e-02  5.67865893e-02
 -6.41525835e-02 -7.49742463e-02 -3.73820378e-03  7.85902608e-03
 -1.60816852e-02 -5.57253771e-02 -1.35688381e-02 -5.27101569e-02
  9.55853090e-02  2.24426351e-02  1.22789666e-02  1.58830099e-02
  2.84705367e-02  1.33278847e-01  2.41663144e-03  2.13769786e-02
 -3.83678973e-02 -6.73076287e-02  4.85009514e-02  2.21318267e-02
  6.39251024e-02 -2.21083802e-03 -6.81589022e-02 -1.18444175e-01
  3.06238811e-02 -9.11323652e-02  2.18847836e-03 -1.03936888e-01
  4.68081050e-02 -5.79194762e-02  2.25063097e-02 -5.52857071e-02
  2.37538535e-02 -5.24463947e-04  4.29920517e-02  3.26976180e-02
 -7.67642781e-02  1.76369352e-03 -5.89347556e-02  7.39574851e-03
  1.04660382e-02 -1.89794432e-02 -2.86578983e-02 -5.48546314e-02
  9.91471410e-02 -9.06387053e-04  5.40490374e-02 -3.34331393e-03
 -3.43560465e-02  4.11501788e-02 -5.68575673e-02 -7.30265081e-02
 -7.72771565e-03  2.69942480e-04  5.23689166e-02 -4.67584396e-33
  5.67223364e-03 -4.93373610e-02 -4.89521623e-02 -7.02425605e-03
 -3.53645608e-02  9.06421617e-02  2.20738724e-02 -8.56263638e-02
  2.79693324e-02  3.89118567e-02  1.30394736e-04 -2.66961809e-02
  4.38848920e-02 -3.87892290e-03 -2.10034177e-02 -5.62419556e-03
 -2.94225551e-02  1.75293162e-02 -9.78846662e-03 -3.72624844e-02
 -2.61162762e-02  1.35095082e-02  2.18524002e-02  4.79057208e-02
  2.56227516e-02 -1.46704204e-02  1.86942797e-02 -1.01656690e-01
  4.91400482e-03 -2.25306489e-02 -4.80502322e-02 -5.48611879e-02
  6.12276681e-02  5.14222533e-02  4.81349453e-02 -5.27148061e-02
  6.03301525e-02 -2.76841968e-02 -2.30012219e-02  3.03123128e-02
 -5.57912886e-02  1.09513272e-02  4.90464233e-02  3.71693335e-02
 -3.56280729e-02 -3.83993909e-02 -7.80096427e-02  7.33187497e-02
  7.65248910e-02  2.24925186e-02  5.55676930e-02  1.17703915e-01
 -6.21323213e-02  3.81648503e-02  2.74536218e-02  3.38600241e-02
  1.31013542e-02 -3.87493335e-02 -2.21241992e-02  2.91186851e-03
  6.31625485e-03 -2.70461496e-02  6.91144215e-03  2.63383556e-02
  8.85585621e-02  1.58687551e-02 -8.64533633e-02 -4.16570008e-02
  1.08624652e-01 -6.80275215e-03 -8.13780725e-02 -4.12289947e-02
  3.36937048e-02 -1.16288662e-02  4.20978805e-03 -2.05246639e-02
  1.12716205e-01  8.06235373e-02  6.38471469e-02 -5.97618110e-02
  2.44921185e-02  7.84225948e-03  3.80713902e-02 -1.72608364e-02
 -8.09794664e-02 -2.99516357e-02  1.72976345e-01 -1.58968251e-02
 -9.00057033e-02  1.41454609e-02  4.93289493e-02  5.37256151e-02
 -5.47290314e-03  3.37941535e-02  5.10215014e-02 -4.55751312e-08
  8.70365426e-02  4.82422709e-02 -5.52313477e-02 -1.95649471e-02
  8.42817873e-02 -7.24457810e-03  2.53398512e-02 -2.00314112e-02
 -1.45059871e-02  4.20571528e-02  1.17799319e-01  1.58842914e-02
 -2.10986696e-02 -9.93187055e-02  1.23175643e-02  3.62713402e-03
 -6.32910430e-02  2.21160576e-02  1.43598467e-02 -1.29030617e-02
 -8.60000327e-02 -1.96137875e-02 -7.26648346e-02  1.71345249e-02
  1.88316572e-02 -3.79953010e-04  1.79122258e-02  2.65906546e-02
 -5.95812351e-02  3.29044536e-02 -5.10059558e-02 -2.84960750e-03
 -1.80799216e-02  1.41696753e-02  7.17818141e-02 -5.73772239e-03
 -7.80195519e-02  1.60960946e-02  1.78873222e-02  2.24480685e-02
 -2.53128707e-02 -8.93177316e-02  1.23943523e-01  1.67278443e-02
 -2.54090801e-02  9.09296125e-02  1.01515099e-01  4.01788158e-03
  7.26020634e-02  8.76160040e-02 -5.11330031e-02 -1.42420083e-02
  3.25597264e-02 -3.97153124e-02 -4.93383370e-02  6.79042041e-02
  1.65911708e-02 -9.47534014e-03  2.00099237e-02 -2.14772765e-02
 -3.78704118e-03  9.66169499e-03  1.69234872e-02  3.49432863e-02]",-0.35283589363098145,-0.5330089330673218
70718265,https://en.wikipedia.org/wiki/Danny%20Donnelly%20%28politician%29,Danny Donnelly (politician),"Danny Donnelly is a Northern Irish politician who has been an Alliance Party Member of the Legislative Assembly (MLA) for East Antrim since May 2022.

Political career

Early career (2011-2022) 
Donnelly began his political career as a candidate for the Green Party NI in the 2011 local elections for Larne Borough Council, before leaving the party to join Alliance. Donnelly later ran in the newly formed Mid and East Antrim Borough Council in the 2014 local elections as the Alliance candidate for the Braid constituency, but failed to be elected.

Following this, he ran alongside Stewart Dickson in the 2016 and 2017 Northern Ireland Assembly elections, coming 9th and then 8th - but failing to be elected.

He than ran again for Mid and East Antrim District Council in the May 2019 local election, this time as one of the two Alliance candidates for the Larne Lough constituency. Donnelly was elected on the first count, polling the second most FPVs in the constituency (1,057 votes) and earning 17.66% of the vote.

Later that year, Donnelly replaced Stewart Dickson as the Alliance Party candidate for East Antrim. He contested the 2019 general election, increasing the Alliance Vote in the constituency by 11.7% and coming second. He reduced incumbent MP Sammy Wilson's majority from 15,923 in 2017 to 6,716.

Member of the Legislative Assembly (2022–) 
Donnelly was elected to the 5th seat in East Antrim at the 2022 Assembly election, gaining a seat for Alliance at the expense of the UUP's Roy Beggs, elected, alongside running mate Stewart Dickson, on the fifth stage. He polled 4,224 FPVs, an increase from the 1,817 votes he received in 2017.

References

External links 

Living people
Alliance Party of Northern Ireland MLAs
Northern Ireland MLAs 2022–2027
Green Party Northern Ireland politicians
Year of birth missing (living people)","[-9.64931212e-03 -5.61400056e-02 -3.38977948e-02 -1.27815321e-01
  3.29608060e-02  6.07959693e-03  3.29903103e-02 -5.23767211e-02
 -2.61644926e-02 -1.09630907e-02 -8.12101737e-03 -6.75217807e-02
 -7.98322633e-02  3.53656011e-03 -6.03694680e-05  5.32244146e-02
  2.45017577e-02 -4.54204008e-02 -2.40682997e-03  6.53666332e-02
 -9.88807380e-02  3.98879088e-02 -9.16782301e-03 -4.41857874e-02
 -1.29590984e-02  7.64608569e-03  5.88347912e-02 -3.73297418e-03
 -3.40108164e-02 -6.01285473e-02  1.08155750e-01  3.13516222e-02
 -1.17980622e-01  3.86747502e-04  3.29046845e-02 -1.90903060e-02
 -5.81415743e-02  7.37456605e-02  2.52152346e-02 -2.04286072e-02
 -2.08823308e-02 -5.48273884e-02 -4.23307642e-02  1.31531674e-02
 -1.24381380e-02  5.38730025e-02 -1.62228607e-02  2.10934542e-02
 -1.02215232e-02 -7.57373050e-02  2.57713138e-03 -5.48929349e-03
 -4.56010960e-02 -9.57519040e-02  3.30429189e-02  2.47904118e-02
 -2.25390270e-02  2.90056448e-02 -8.49445015e-02  4.10117917e-02
 -6.01918586e-02  1.39921028e-02 -3.06383129e-02  2.03969814e-02
  1.94920991e-02  2.64962539e-02 -2.39306763e-02 -5.00267819e-02
 -4.64613102e-02 -2.15536803e-02 -4.04011160e-02 -1.45951863e-02
  4.81700804e-03 -9.60115492e-02  3.93416584e-02  5.30366004e-02
  5.32712154e-02  1.21234283e-01  1.15348458e-01 -5.48585951e-02
 -1.33771589e-02  6.49020374e-02 -1.00809790e-04  3.44193764e-02
  4.59868312e-02  4.09782212e-03 -4.65453267e-02  7.93098379e-03
 -4.15782630e-02  3.11032571e-02  9.47077423e-02  1.21577248e-01
  1.75260194e-02  4.78946567e-02  1.74511150e-02  1.65951177e-02
 -4.39066365e-02  5.10629267e-02 -4.46477160e-03  5.49995415e-02
 -1.17875896e-01  1.04648158e-01 -3.39928605e-02 -1.08138695e-02
 -3.26469503e-02 -3.58325876e-02  7.02512637e-02  1.99688748e-02
  8.50998759e-02 -1.97677594e-02  8.79746978e-04 -1.20834270e-02
 -2.96404026e-02 -5.76597229e-02  2.16695871e-02 -6.75821006e-02
 -3.36389989e-02  4.07066159e-02  1.21322628e-02 -2.41862349e-02
 -6.84139952e-02  1.51094258e-01 -2.21379474e-02 -1.14008191e-03
 -2.50048153e-02  1.81320496e-02 -5.81591725e-02  1.60192274e-33
  4.14798819e-02  2.45670527e-02  1.54805090e-02  2.56559742e-03
 -1.51760085e-02  6.96210191e-03  4.32661958e-02 -1.06937960e-01
 -2.36421619e-02 -2.30004583e-02  1.90859158e-02 -3.97446752e-02
  1.70902591e-02 -1.35490783e-02  2.75505316e-02  4.31990772e-02
 -4.02398370e-02 -1.35105448e-02 -1.14055529e-01  3.82646173e-03
  9.98348892e-02 -1.38681587e-02  2.57966388e-02  3.24818268e-02
  5.11113703e-02 -3.86660434e-02 -3.40786879e-03  5.91045953e-02
 -9.65594256e-04  7.89075065e-03 -2.93442849e-02 -1.68003347e-02
 -6.68188110e-02  4.66401316e-02 -1.75182950e-02 -3.86081040e-02
  4.37351093e-02 -8.37246329e-03 -3.34348753e-02  1.12604117e-02
 -6.61446229e-02  2.86609959e-02 -2.12158579e-02  6.58865739e-03
 -2.12621409e-02 -7.96107426e-02  3.73663791e-02  9.96966735e-02
 -2.43362803e-02 -4.81007546e-02  3.30212526e-02 -2.50714570e-02
  6.57407492e-02  5.51068410e-02 -3.21895070e-02 -3.72545607e-02
 -3.18884775e-02 -5.59276948e-03  1.92687269e-02 -8.53478536e-02
  2.61743218e-02  3.41715775e-02 -5.68359308e-02 -4.39755991e-02
 -3.95802110e-02 -2.58448310e-02  1.86032876e-02 -7.38660395e-02
  3.88739519e-02 -7.95722529e-02  1.09344959e-01 -2.48510186e-02
  9.26183760e-02 -4.42004614e-02 -6.19674241e-03 -5.62567934e-02
 -5.55329137e-02  2.07212009e-03  2.23263633e-02  5.22097200e-02
 -4.24695052e-02 -2.13744075e-04 -6.72207912e-03 -1.23126023e-01
  1.06541671e-01 -7.65518695e-02  5.87791316e-02 -6.78995177e-02
 -1.86329130e-02  2.18074340e-02  1.91101257e-03 -3.23672965e-02
  9.00690630e-02 -3.62152159e-02  1.81295201e-02 -3.12727709e-33
  1.52796917e-02  6.01277128e-02 -3.38182338e-02 -2.38137245e-02
  1.57525595e-02 -2.18858067e-02  1.38637885e-01 -7.78421685e-02
  4.97363843e-02 -9.29231942e-02 -4.44996841e-02  3.31484377e-02
  6.74339756e-02 -6.25623390e-02  1.35533763e-02  5.92109049e-03
 -7.90026635e-02  8.03989694e-02  8.53541717e-02 -3.59694809e-02
  9.17490870e-02  4.55856211e-02 -8.11582897e-03  2.13134456e-02
  7.73380995e-02 -5.50186560e-02  5.25186099e-02  3.64943892e-02
 -4.53121290e-02 -9.32074636e-02 -4.38887663e-02 -3.12891603e-02
  1.09005859e-03  4.73349355e-02 -1.86167173e-02  6.39089867e-02
  2.14526821e-02 -1.70861073e-02 -1.84198841e-02  1.28472960e-02
 -2.56697321e-03 -4.71330211e-02 -3.10995150e-03  1.18269157e-02
 -2.28747949e-02 -2.14408734e-03 -4.37663086e-02  4.47569117e-02
 -3.79743353e-02  4.86107878e-02  5.52227860e-03  1.23385273e-01
 -7.16982633e-02  9.07875597e-02  4.39876057e-02  3.62216942e-02
  5.10351360e-02  4.24348526e-02 -1.57233910e-03  1.03358598e-02
 -2.09510513e-02  3.41901034e-02  3.68697494e-02  3.85525785e-02
  1.20365441e-01  8.54972936e-03 -2.41083261e-02 -6.09849840e-02
  1.47905901e-01  6.47853082e-03 -7.23338202e-02 -4.52869982e-02
  1.35093722e-02  2.50223745e-02  1.08436551e-02  3.37359533e-02
  3.97034921e-02  4.73844297e-02  2.73047742e-02 -2.26790411e-03
 -5.55140227e-02 -3.32666002e-02  3.20758633e-02  1.27860839e-02
 -1.46947457e-02 -9.31402296e-02  1.05316944e-01 -9.56121162e-02
 -4.42724787e-02  2.37515531e-02  4.22693454e-02 -5.91677502e-02
  6.52212724e-02  3.82128693e-02  2.38683391e-02 -4.72950390e-08
  9.02424604e-02 -2.94931680e-02 -8.86211321e-02  3.30726476e-03
  8.75357315e-02 -1.37225492e-02  2.73468029e-02 -4.12325189e-02
 -7.51747657e-03  7.87839368e-02  9.70587283e-02 -1.64713152e-02
  4.56268266e-02 -2.45818663e-02  2.82896105e-02 -7.50640035e-02
  1.51295662e-02 -3.53743546e-02 -6.16310798e-02 -5.38992360e-02
 -3.63971889e-02  1.33391339e-02 -8.17001984e-02  1.24871932e-01
  3.81391449e-03 -4.95395362e-02 -4.35933471e-02  4.79907496e-03
 -3.72441821e-02  3.92043106e-02 -1.02027863e-01  3.18335481e-02
  5.15465364e-02  6.24816492e-03  1.23326667e-02 -1.31860306e-03
 -5.11582121e-02  1.73890479e-02  4.24072370e-02  7.99094290e-02
 -1.73574425e-02 -5.64427339e-02  2.08220147e-02 -4.99484651e-02
  2.12291703e-02 -7.87282512e-02 -1.90573856e-02  7.72106787e-03
  1.30088860e-02 -1.86638739e-02 -1.26691265e-02  9.97320414e-02
  3.37421335e-03 -2.53416318e-02 -1.48435254e-02  6.22613057e-02
 -5.26535101e-02  3.49814631e-02  3.95633727e-02  8.48795287e-03
 -1.17716147e-02  2.46906988e-02 -6.59561716e-03 -7.33815581e-02]",-0.3162268400192261,-0.518419086933136
1934872,https://en.wikipedia.org/wiki/St%20Patrick%27s%20Cathedral%2C%20Armagh%20%28Church%20of%20Ireland%29,"St Patrick's Cathedral, Armagh (Church of Ireland)","St Patrick's Cathedral, Armagh () is a Church of Ireland cathedral in Armagh, Northern Ireland. It is the seat of the Anglican Archbishop of Armagh and Diocese of Armagh. The origins of the site are as a 5th century Irish stone monastery, said to have been founded by St. Patrick. Throughout the Middle Ages, the cathedral was the seat of the Catholic Archbishop of Armagh, head of the Catholic Church in Ireland, and one of the most important churches in Gaelic Ireland. With the 16th-century Protestant Reformation, the cathedral was taken over by the Church of Ireland, with Englishman, George Cromer, becoming the first Anglican archbishop. 

Following Catholic emancipation in the 19th century, a new Catholic cathedral was built in Armagh, also called St Patrick's Cathedral.

History

Early history of the site
The cathedral was historically the ecclesiastical capital of the Roman Catholic Church in Ireland. According to tradition, a church was founded on the site in 445 by Saint Patrick. Evidence suggests that the hilltop was originally a pagan sanctuary. 

By the 7th century, it had become the most important monastery and monastic school in the north of Ireland, and monastic settlement grew up around it.

Brian Boru, High King of Ireland, visited Armagh in 1004, acknowledging it as the head cathedral of Ireland and bestowing it a large sum of gold. Brian was buried at Armagh cathedral after his death at the Battle of Clontarf in 1014. Armagh's claim to the primacy of Ireland was formally acknowledged at the Synod of Ráth Breasail in 1111.

The church itself was partially destroyed and rebuilt 17 times. It was renovated and restored under Dean Eoghan McCawell (1505–1549), having suffered from a devastating fire in 1511 and being in poor shape. Soon after his death the cathedral was described by Lord Chancellor Cusack as ""one of the fairest and best churches in Ireland"". However, by the end of the Nine Years' War in 1603, Armagh lay in ruins.

The cathedral and its assets were appropriated by the new state church, called the Church of Ireland, as part of the Protestant Reformation. The English government under King Henry VIII of England transferred the assets. It has remained in Anglican hands since the reign of Queen Elizabeth I of England.

Modern history
Following the Nine Years' War, Armagh came under English control and the town began to be settled by Protestants from Britain, as part of the Plantation of Ulster. During the Irish Rebellion of 1641, many Protestant settlers fled to Armagh cathedral for safety. After negotiations with the besieged settlers, Catholic rebels occupied the town until May 1642.

The cathedral was substantially rebuilt between 1834 and 1840 by Archbishop Lord John George Beresford and the architect Lewis Nockalls Cottingham. The fabric remains that of the mediaeval building but much restored. While Cottingham was heavy-handed in his restoration, the researches of T. G. F. Patterson and Janet Myles in the late twentieth century have shown the restoration to have been notably antiquarian for its time. The tracery of the nave windows in particular are careful restorations as is the copy of the font. The capital decoration of the two westernmost pillars of the nave (either side of the West Door internal porch) are mediaeval as are the bulk of the external gargoyle carvings (some resited) of the parapet of the Eastern Arm. Cottingham's intention of retaining the richly cusped West Door with flanking canopied niches was over-ruled. Subsequent restorations have more radically altered the internal proportions of the mediaeval building, proportions which Cottingham had retained.

Many other Celtic and mediaeval carvings are to be seen within the cathedral which is also rich in eighteenth- and nineteenth-century sculpture. There are works by Francis Leggatt Chantrey, Louis-François Roubiliac, John Michael Rysbrack, Carlo Marochetti and others.

The Choral Foundation, dating from the Culdees, and refounded as the Royal College of King Charles of Vicars Choral and Organist in the cathedral of Armagh, continues to the present. There are generally a dozen Gentlemen of the Lay Vicars Choral and sixteen boy choristers.

The Maundy Money was distributed at the cathedral in 2008: a plaque in the south aisle commemorates this event.

Notable burials
Brian Boru (–1014), High King of Ireland
Saint Ethnea, baptised by St Patrick, died around 433 A.D.; her Feast Day is 11 January
Marcus Gervais Beresford (1801–1885), Archbishop of Armagh and Primate of All Ireland (appointed 1862). Cousin of Lord John Beresford
Charles Frederick D'Arcy (1859–1938), Archbishop of Armagh and Primate of All Ireland
Lord John Beresford (1773–1862), Archbishop of Armagh and Primate of All Ireland
John Baptist Crozier and his wife Alice Isabella

Organists

 1634 Richard Galway
 1661 John Hawkshaw
 1695 Robert Hodge
 1711 William Toole
 1722 Samuel Bettridge
 1752 John Woffington
 1759 Robert Barnes
 1776 Langrishe Doyle
 1782 Richard Langdon
 1794 John Clarke Whitfield
 1797 John Jones
 1816 Frederick Horncastle
 1823 Robert Turle
 1872 Thomas Marks
 1917 G. H. P. Hewson
 1920 Edred Chaundy
 1935 Reginald West
 1951 Frederick Carter
 1966 Christopher Phelps
 1968 Martin White
 2002–2015 Theo Saunders
 2015–present Stephen Timpany

See also

Dean of Armagh, a list of deans
List of cathedrals in Ireland
St Patrick's Cathedral, Armagh (Roman Catholic)

References

External links

 Official website
 Details of the organ from the National Pipe Organ Register

Diocese of Armagh (Church of Ireland)
Churches in County Armagh
Buildings and structures in Armagh (city)
Armagh
Grade A listed buildings
Culdees
Pre-Reformation Roman Catholic cathedrals
Burial sites of the O'Brien dynasty
Burial sites of the Beresford family","[ 9.16895494e-02  8.92158132e-03 -6.37364015e-02 -2.03883145e-02
 -1.87138710e-02 -6.04458973e-02 -4.89705242e-02 -5.27590960e-02
  9.11323950e-02 -6.29176646e-02 -6.62872717e-02 -5.07249571e-02
 -3.32035720e-02 -5.84083460e-02 -2.17510536e-02 -5.03032543e-02
 -3.47312354e-02  1.63069312e-02  2.54032742e-02 -4.35277373e-02
 -7.37739801e-02  6.14249557e-02  7.51995482e-04  6.67376071e-03
 -9.83938482e-03 -2.52341088e-02 -2.35613063e-02  1.81486122e-02
 -1.19999005e-02 -2.89231110e-02  7.66911134e-02 -1.07088707e-01
 -3.39137278e-02  7.89498538e-02 -7.03675896e-02  2.79549845e-02
 -7.93884508e-03  1.90427694e-02  1.98162291e-02  3.25568914e-02
 -2.46948004e-02  2.66447235e-02 -3.71854827e-02  2.88470816e-02
  1.84190720e-02  1.21361330e-01 -5.89825884e-02 -2.69512367e-02
 -8.28026682e-02 -1.18615478e-01  4.64054905e-02 -8.27845335e-02
 -2.49908250e-02 -5.78206554e-02  2.72872578e-02  5.01274737e-03
 -2.80417278e-02 -1.96935162e-02 -8.54829792e-04 -3.07021812e-02
  4.17525172e-02  1.06381504e-02  1.91214494e-02  4.31826264e-02
 -8.56867712e-03  4.67388444e-02  7.34343678e-02 -5.53686097e-02
  2.85633262e-02 -1.80255882e-02 -4.69347313e-02 -5.15966006e-02
  1.30521916e-02 -2.65319180e-02 -2.78933477e-02 -3.84263434e-02
 -2.66824346e-02  4.68759909e-02  1.19024690e-03  1.83203425e-02
  1.71983950e-02 -2.93466728e-02 -4.11407650e-02  7.12190345e-02
  2.62006372e-02 -2.25667637e-02  1.98328309e-03  2.12509930e-02
 -6.09436817e-02 -3.63897420e-02  1.14897124e-01  6.90791979e-02
 -6.55734688e-02 -7.79670402e-02  1.07707657e-01 -1.84021145e-02
 -5.58673181e-02 -1.30624007e-02 -2.76341513e-02 -2.99943937e-03
 -8.04390684e-02  3.39994915e-02 -2.03571673e-02 -6.69984147e-03
 -1.18659819e-02  1.06030935e-02  1.53485639e-02 -2.98269019e-02
  2.32127160e-02  1.74591113e-02  5.23233898e-02 -7.22376481e-02
 -3.10544875e-02 -4.99033853e-02  9.18797404e-02  2.91145407e-02
 -2.43922621e-02 -4.22642380e-02  4.53041755e-02 -3.37649626e-03
 -6.95534423e-02  5.26049361e-02  7.05304090e-03 -5.54940104e-02
 -6.79956153e-02  3.65676694e-02 -1.36091672e-02 -3.46797135e-33
 -9.30144265e-03  9.58285928e-02 -4.20014001e-02 -3.59331667e-02
  7.32618496e-02 -3.57204638e-02 -8.35885701e-04  2.55675614e-02
 -2.75729727e-02  3.43156978e-02  1.00893103e-01 -5.39425686e-02
 -1.64961498e-02 -1.01399966e-01  5.45368455e-02  2.29887627e-02
  1.16278734e-02  2.20304243e-02 -7.28532299e-02 -3.89332394e-03
  3.23347449e-02 -7.17634261e-02  2.14951448e-02  4.78674285e-02
  7.12230578e-02 -8.15342218e-02 -2.35460345e-02  1.70112364e-02
  1.99850388e-02 -2.97779273e-02 -6.17498951e-03 -8.38030409e-03
 -7.72545189e-02 -7.50617310e-02  1.44642335e-03 -8.58551785e-02
  9.76654440e-02  3.25128920e-02  3.66636477e-02  4.66592908e-02
  7.18960389e-02 -5.03488146e-02  3.02724950e-02  7.16533586e-02
  5.21252677e-02  2.85177920e-02 -2.63172877e-03  3.73841380e-04
  2.30935379e-03 -6.20142668e-02  5.05670086e-02 -1.35834023e-01
  2.03213152e-02  7.23510049e-03 -1.11009553e-02  1.40131917e-02
 -4.66397852e-02 -1.00899143e-02  6.80671707e-02  5.49572222e-02
 -1.59256533e-02 -4.75688651e-02  4.09350432e-02 -2.98093092e-02
  2.42678784e-02 -6.88804314e-02 -6.16989797e-03  4.41976152e-02
 -3.46137509e-02 -1.16262110e-02  7.84646943e-02 -3.36088352e-02
  2.17539519e-02 -1.24816395e-01 -1.30982120e-02  6.31929263e-02
 -7.81682581e-02 -2.77157947e-02 -1.31379962e-02  6.59846291e-02
  9.21021495e-03  4.35371138e-02 -5.15302904e-02 -5.79955094e-02
  1.09482728e-01 -2.98797693e-02  3.65423299e-02 -3.94408442e-02
  7.75959052e-04  2.26397011e-02  3.23210447e-03 -1.59022387e-03
  4.43133786e-02 -6.86356425e-02  2.08155047e-02  1.30424221e-33
  9.97298136e-02 -2.83856113e-02 -1.22159086e-02  4.55168216e-03
 -3.70412134e-02  3.46177965e-02  6.94429576e-02 -5.98756522e-02
  4.58971001e-02 -4.03473452e-02  5.71402982e-02  5.94267296e-03
  5.38377790e-03 -8.82804208e-03  3.12064774e-02 -5.16356044e-02
 -1.00406960e-01  6.84022009e-02  3.08675710e-02  1.42721040e-02
  6.07273169e-02  6.04768470e-03 -4.43305448e-02  5.48983030e-02
  1.09000780e-01  2.43614409e-02 -5.75767569e-02  5.14826812e-02
  9.14592221e-02 -6.36444539e-02  1.61847528e-02  2.69361660e-02
  7.27169514e-02  8.63539279e-02 -1.13020398e-01  1.15979314e-01
  5.36638647e-02  6.71731234e-02  3.57287079e-02  4.13564518e-02
 -1.57688111e-02  4.22944650e-02 -5.98802380e-02  5.05221356e-03
  2.21071057e-02  3.82442251e-02  3.56125049e-02  3.75018083e-02
  5.76575026e-02 -4.92837802e-02  2.77455561e-02  1.10081509e-02
 -1.62578262e-02 -3.05557121e-02 -1.53375762e-02  7.68309236e-02
 -8.87672082e-02  4.44945805e-02 -5.56290671e-02 -5.35959341e-02
 -7.89553300e-03 -2.06557997e-02  5.44845760e-02  6.34667128e-02
 -1.82507485e-02 -4.38339785e-02 -1.65464580e-02 -1.74221490e-02
  3.74404043e-02 -2.16055140e-02 -1.15418829e-01 -8.92073847e-03
  3.92729882e-03  3.07082552e-02  2.82588787e-02  5.03233336e-02
  6.94682375e-02  3.63420360e-02  2.96607707e-02  2.27393657e-02
 -3.74462046e-02  6.47805557e-02 -4.62268628e-02 -5.79840466e-02
  2.97097024e-02 -9.79826823e-02  4.39566523e-02 -1.48670487e-02
  1.03333974e-02 -5.11784777e-02 -2.26622019e-02 -9.94267035e-03
  1.52030829e-02 -4.29628603e-03  4.19830270e-02 -3.77995129e-08
  6.50019124e-02  5.44488244e-02  1.42837046e-02  2.30184253e-02
  8.28365907e-02 -1.38865873e-01  1.32616937e-01 -5.67173213e-02
 -5.03710434e-02 -9.31266844e-02 -1.25848725e-01 -3.39123048e-03
 -7.50882272e-03 -3.42376043e-05  1.48825748e-02 -1.45573616e-02
 -8.14541355e-02 -1.04222469e-01  5.26937731e-02 -3.31776962e-02
  6.37943596e-02 -1.61125064e-02 -1.33702531e-02 -9.89829935e-03
  3.34083326e-02 -1.32199796e-02  5.57537563e-03  9.57915559e-03
 -3.94518711e-02  9.12559256e-02  8.19108188e-02 -3.81884873e-02
  3.14633958e-02  3.15720178e-02  9.43269953e-02 -1.07803373e-02
 -2.61049662e-02  1.26919243e-02 -1.31220231e-02 -5.12327366e-02
  2.30698194e-02 -1.01475812e-01 -4.56602639e-03 -3.30821723e-02
 -1.03415519e-01  5.57334954e-03  3.18627432e-02  6.74860626e-02
  6.06863610e-02  3.47123072e-02  4.63722460e-02  5.56683950e-02
  1.35246981e-02  4.35428210e-02 -6.00235499e-02  4.40922305e-02
  1.83867924e-02 -7.90381432e-02  3.10060866e-02 -4.76752184e-02
  4.55324873e-02  2.95760930e-02  8.14743564e-02 -6.51219711e-02]",-0.2780954837799072,-0.5864834785461426
